"MEDV","log_MEDV","CRIM","log_CRIM","ZN","INDUS","CHAS","NOX","RM","AGE","DIS","RAD","TAX","PTRATIO","B","LSTAT","LON","LAT","dist_boston_center","north_south","east_west","high_LSTAT","high_TAX","spatial_cluster"
29.9,3.39785848039664,0.06642,0.064307244395167,0,4.05,"No",0.51,6.86,74.4,2.9153,"5",296,16.6,391.27,6.92,-77.0987983714286,38.8723125571429,6.97459917011276,"South","West","0","0","2"
24.6,3.20274644293832,0.05425,0.0528296136445321,0,4.05,"No",0.51,6.315,73.4,3.3175,"5",296,16.6,395.6,6.29,-77.0972983714286,38.8757125571429,6.97160030007543,"South","West","0","0","2"
23.2,3.14415227867226,0.07022,0.0678642348161299,0,4.05,"No",0.51,6.02,47.2,3.5549,"5",296,16.6,393.23,10.11,-77.0950983714286,38.8782125571429,6.96844537497161,"South","West","0","0","2"
29.4,3.38099467434464,0.06664,0.064513520825066,0,4.05,"No",0.51,6.546,33.1,3.1323,"5",296,16.6,390.96,5.33,-77.1057983714286,38.8882125571429,6.97273133931421,"South","West","0","0","2"
22.6,3.11794990627824,0.08447,0.0810913883848885,0,4.05,"No",0.51,5.859,68.7,2.7019,"5",296,16.6,393.23,9.64,-77.1242983714286,38.8857125571429,6.99002328373889,"South","West","0","0","2"
23.6,3.16124671203156,0.09178,0.0878093918244083,0,4.05,"No",0.51,6.416,84.1,2.6463,"5",296,16.6,395.5,9.04,-77.1177983714286,38.8819125571429,6.98627492752389,"South","West","0","0","2"
23.1,3.13983261752775,0.13914,0.130273591749212,0,4.05,"No",0.51,5.572,88.5,2.5961,"5",296,16.6,396.9,14.69,-77.1082983714286,38.8777125571429,6.98013201582978,"South","West","1","0","2"
21.9,3.08648663682246,0.04819,0.0470648671763303,80,3.64,"No",0.392,6.108,32,9.2203,"1",315,16.4,392.89,6.57,-122.7197267,42.1992258,51.6610771842367,"South","West","0","0","4"
20.9,3.03974915897077,0.03548,0.0348650873260794,80,3.64,"No",0.392,5.876,19.1,9.2203,"1",315,16.4,395.18,9.25,-122.6992267,42.1899258,51.6406070930724,"South","West","0","0","4"
31.1,3.43720781918519,0.02187,0.0216342821251498,60,2.93,"No",0.401,6.8,9.9,6.2196,"1",265,15.6,393.37,5.03,-71.2706089,42.4891231,0.247926639699762,"North","West","0","0","1"
29.1,3.37073817417745,0.01439,0.0142874466080695,60,2.93,"No",0.401,6.604,18.8,6.2196,"1",265,15.6,376.7,4.38,-71.2814089,42.4921231,0.258728254183452,"North","West","0","0","1"
29.6,3.38777436133001,0.06047,0.0587122060793317,0,2.46,"No",0.488,6.153,68.8,3.2797,"3",193,17.8,387.11,13.15,-122.2702883,37.5270895,51.4389374122997,"South","West","1","0","3"
26.4,3.27336401015227,0.08308,0.0798088341734152,0,2.46,"No",0.488,5.604,89.8,2.9879,"3",193,17.8,391,13.98,-122.2697883,37.5207895,51.4390319367549,"South","West","1","0","3"
50,3.91202300542815,0.05602,0.054507124498661,0,2.46,"No",0.488,7.831,53.6,3.1992,"3",193,17.8,392.63,4.45,-122.2668883,37.5144895,51.4367379102782,"South","West","0","0","3"
37.2,3.6163087612791,0.0578,0.0561912796497426,0,2.46,"No",0.488,6.98,58.4,2.829,"3",193,17.8,396.9,5.04,-122.2707883,37.5149895,51.44057347084,"South","West","0","0","3"
32.5,3.48124008933569,0.10008,0.0953829044325522,0,2.46,"No",0.488,6.563,95.6,2.847,"3",193,17.8,396.9,5.68,-122.2767883,37.5162895,51.4464243856771,"South","West","0","0","3"
37.9,3.63495111208838,0.09103,0.0871222041814029,0,2.46,"No",0.488,7.155,92.2,2.7006,"3",193,17.8,394.12,4.82,-122.2822883,37.5162895,51.4518999560996,"South","West","0","0","3"
36.2,3.58905911883173,0.06888,0.0666113712985016,0,2.46,"No",0.488,6.144,62.2,2.5979,"3",193,17.8,396.9,9.45,-122.2877883,37.5212895,51.4569051100898,"South","West","0","0","3"
39.8,3.68386691229039,0.06588,0.0638007490506618,0,2.46,"No",0.488,7.765,83.3,2.741,"3",193,17.8,395.56,7.56,-122.2817883,37.5304895,51.4500672825215,"South","West","0","0","3"
18.7,2.92852352386054,0.14932,0.139170463137971,25,5.13,"No",0.453,5.741,66.2,7.2254,"8",284,19.7,395.11,13.15,-70.8906323333333,42.5688449666667,0.268120250548342,"North","East","1","0","1"
16,2.77258872223978,0.17171,0.158464220263388,25,5.13,"No",0.453,5.966,93.4,6.8185,"8",284,19.7,378.08,14.44,-70.8921323333333,42.5548449666667,0.256392388123055,"North","East","1","0","1"
22.2,3.10009228887823,0.11027,0.104603228988645,25,5.13,"No",0.453,6.456,67.8,7.2255,"8",284,19.7,396.9,6.73,-70.8821323333333,42.5598449666667,0.266729937741231,"North","East","0","0","1"
25,3.2188758248682,0.1265,0.119115480890162,25,5.13,"No",0.453,6.762,43.4,7.9809,"8",284,19.7,395.58,9.5,-70.8821323333333,42.5503449666667,0.259692039386604,"North","East","0","0","1"
19.6,2.97552956623647,0.10328,0.0982875611839452,25,5.13,"No",0.453,5.927,47.2,6.932,"8",284,19.7,396.9,9.22,-70.8736323333333,42.5548449666667,0.268793062325111,"North","East","0","0","1"
23.3,3.14845336057165,0.15445,0.143624040082875,25,5.13,"No",0.453,6.145,29.2,7.8148,"8",284,19.7,390.68,6.86,-70.8596323333333,42.5618449666667,0.283564163028596,"North","East","0","0","1"
22.7,3.12236492448736,5.20177,1.82483473517925,0,18.1,"Yes",0.77,6.127,83.4,2.7227,"24",666,20.2,395.43,11.48,-71.1271862,42.3607913,0.0682896991216716,"North","West","1","1","1"
22.6,3.11794990627824,4.26131,1.66038004517162,0,18.1,"No",0.77,6.112,81.3,2.5091,"24",666,20.2,390.74,12.67,-71.1391862,42.3555913,0.0804126997813671,"North","West","1","1","1"
25,3.2188758248682,4.54192,1.71234101111466,0,18.1,"No",0.77,6.398,88,2.5182,"24",666,20.2,374.56,7.79,-71.1448862,42.3535913,0.0862321852102158,"North","West","0","1","1"
21.7,3.07731226054641,3.8497,1.57891684736615,0,18.1,"Yes",0.77,6.395,91,2.5052,"24",666,20.2,391.34,13.27,-71.1371862,42.3505913,0.0788615526484808,"North","West","1","1","1"
17.8,2.87919845729804,8.98296,2.30087963953468,0,18.1,"Yes",0.77,6.212,97.4,2.1222,"24",666,20.2,377.73,17.6,-71.1346862,42.3468913,0.0769286543891779,"North","West","1","1","1"
20.8,3.03495298670727,3.67822,1.5429176957009,0,18.1,"No",0.77,5.362,96.2,2.1036,"24",666,20.2,380.79,10.19,-71.1306862,42.3535913,0.0720806609717807,"North","West","0","1","1"
16.8,2.82137888640921,4.22239,1.65295515151733,0,18.1,"Yes",0.77,5.803,89,1.9047,"24",666,20.2,353.04,14.64,-71.1251862,42.3515913,0.0668300702238838,"North","West","1","1","1"
19.9,2.99071973173045,3.83684,1.57626161493939,0,18.1,"No",0.77,6.251,91.1,2.2955,"24",666,20.2,350.65,14.19,-71.1306862,42.3585913,0.0718020521024903,"North","West","1","1","1"
27.5,3.31418600467253,4.55587,1.71485502649021,0,18.1,"No",0.718,3.561,87.9,1.6132,"24",666,20.2,354.7,7.12,-71.0864757,42.3513148,0.0289413021395002,"North","East","0","1","1"
50,3.91202300542815,4.89822,1.77465061047735,0,18.1,"No",0.631,4.97,100,1.3325,"24",666,20.2,375.52,3.26,-71.0869757,42.3490148,0.0301848735218469,"North","East","0","1","1"
50,3.91202300542815,5.66998,1.89761686142229,0,18.1,"Yes",0.631,6.683,96.8,1.3567,"24",666,20.2,375.33,3.73,-71.0814757,42.3467148,0.026245491222876,"North","East","0","1","1"
21.9,3.08648663682246,3.69695,1.54691336189559,0,18.1,"No",0.718,4.963,91.4,1.7523,"24",666,20.2,316.03,14,-71.0782757,42.3485148,0.0225750882507626,"North","East","1","1","1"
23.1,3.13983261752775,13.5222,2.6756785130709,0,18.1,"No",0.631,3.863,100,1.5106,"24",666,20.2,131.42,13.33,-71.0754757,42.3520148,0.0184424588797147,"North","East","1","1","1"
21.9,3.08648663682246,3.47428,1.49834544492727,0,18.1,"Yes",0.718,8.78,82.9,1.9047,"24",666,20.2,354.55,5.29,-71.0771757,42.3540148,0.0192621616006632,"North","East","0","1","1"
50,3.91202300542815,6.53876,2.02005771226203,0,18.1,"Yes",0.631,7.016,97.5,1.2024,"24",666,20.2,392.05,2.96,-71.0717389,42.3569999,0.0132078754241461,"North","East","0","1","1"
50,3.91202300542815,8.26725,2.22648667968752,0,18.1,"Yes",0.668,5.875,89.6,1.1296,"24",666,20.2,347.88,8.88,-71.0712389,42.3585999,0.0124297527417105,"North","East","0","1","1"
50,3.91202300542815,9.2323,2.3255493836278,0,18.1,"No",0.631,6.216,100,1.1691,"24",666,20.2,366.15,9.53,-71.0692389,42.3607999,0.0103625630622872,"North","East","0","1","1"
10.4,2.34180580614733,88.9762,4.49954519091422,0,18.1,"No",0.671,6.968,91.9,1.4165,"24",666,20.2,396.9,17.21,-71.0577964333333,42.3757398333333,0.0156787195294186,"North","East","1","1","1"
10.2,2.32238772029023,17.8667,2.93739846332392,0,18.1,"No",0.671,6.223,100,1.3861,"24",666,20.2,393.74,21.78,-71.0550964333333,42.3777398333333,0.0180452442326375,"North","East","1","1","1"
15,2.70805020110221,19.6091,3.02573272582662,0,18.1,"No",0.671,7.313,97.9,1.3163,"24",666,20.2,396.9,13.44,-71.0590964333333,42.3782398333333,0.0181408968746217,"North","East","1","1","1"
13.3,2.58776403522771,9.82349,2.38171877224179,0,18.1,"No",0.671,6.794,98.8,1.358,"24",666,20.2,396.9,21.24,-71.0610964333333,42.3765398333333,0.0165859108708472,"North","East","1","1","1"
13.1,2.57261223020711,23.6482,3.20470387551007,0,18.1,"No",0.671,6.38,96.2,1.3861,"24",666,20.2,396.9,23.69,-71.0610964333333,42.3792398333333,0.0192654493696773,"North","East","1","1","1"
13.9,2.63188884013665,15.288,2.79042864036811,0,18.1,"No",0.671,6.649,93.3,1.3449,"24",666,20.2,363.02,23.24,-71.0670964333333,42.3817398333333,0.0231400930439408,"North","East","1","1","1"
20,2.99573227355399,6.80117,2.05427372244667,0,18.1,"No",0.713,6.081,84.4,2.7175,"24",666,20.2,396.9,14.7,-71.0744413636364,42.3057395909091,0.0565383768798778,"South","East","1","1","1"
12.7,2.54160199346455,4.66883,1.73498274724038,0,18.1,"No",0.713,5.976,87.9,2.5806,"24",666,20.2,10.48,19.01,-71.0742413636364,42.3022395909091,0.0598597057994172,"South","East","1","1","1"
19,2.94443897916644,3.77498,1.56338978544225,0,18.1,"No",0.655,5.952,84.7,2.8715,"24",666,20.2,22.01,17.15,-71.0702413636364,42.3012395909091,0.0599430920747683,"South","East","1","1","1"
13.5,2.60268968544438,8.20058,2.2192665255461,0,18.1,"No",0.713,5.936,80.3,2.7792,"24",666,20.2,3.5,16.94,-71.0657413636364,42.3012395909091,0.0592566621972331,"South","East","1","1","1"
14.9,2.70136121295141,7.75223,2.16930852504182,0,18.1,"No",0.713,6.301,83.7,2.7831,"24",666,20.2,272.21,16.23,-71.0657413636364,42.3050395909091,0.055483807598842,"South","East","1","1","1"
16.4,2.79728133483015,4.81213,1.75994711297337,0,18.1,"No",0.713,6.701,90,2.5975,"24",666,20.2,255.23,16.42,-71.0577413636364,42.3067395909091,0.053372986580988,"South","East","1","1","1"
19.5,2.9704144655697,6.65492,2.03534857836921,0,18.1,"No",0.713,6.317,83,2.7344,"24",666,20.2,396.9,13.99,-71.0537413636364,42.3017395909091,0.0585879584760635,"South","East","1","1","1"
21.4,3.06339092202781,7.83932,2.1792099506139,0,18.1,"No",0.655,6.209,65.4,2.9634,"24",666,20.2,396.9,13.22,-71.0585413636364,42.2997395909091,0.0603614745153405,"South","East","1","1","1"
19.9,2.99071973173045,3.1636,1.42638008465918,0,18.1,"No",0.655,5.759,48.2,3.0665,"24",666,20.2,334.4,14.13,-71.0677413636364,42.2962395909091,0.0644695397859418,"South","East","1","1","1"
20.2,3.00568260440716,5.82115,1.92002807934121,0,18.1,"No",0.713,6.513,89.9,2.8016,"24",666,20.2,393.82,10.29,-71.0777413636364,42.2972395909091,0.0656233800924415,"South","East","0","1","1"
17.7,2.87356463957978,3.69311,1.5460954757023,0,18.1,"No",0.713,6.376,88.4,2.5671,"24",666,20.2,391.43,14.65,-71.0777413636364,42.3007395909091,0.0622788499502057,"South","East","1","1","1"
17.2,2.84490938381941,7.40389,2.12869469389186,0,18.1,"No",0.597,5.617,97.9,1.4547,"24",666,20.2,314.64,26.4,-71.0514678,42.3684339,0.0111665342004628,"North","East","1","1","1"
27.5,3.31418600467253,14.4383,2.73685143490784,0,18.1,"No",0.597,6.852,100,1.4655,"24",666,20.2,179.36,19.78,-71.0551678,42.3576339,0.00447336182866046,"North","East","1","1","1"
27.9,3.32862668882732,11.9511,2.56118072662311,0,18.1,"No",0.659,5.608,100,1.2852,"24",666,20.2,332.09,12.13,-71.0561678,42.3536339,0.00701964144740438,"North","East","1","1","1"
11.9,2.47653840011748,20.7162,3.07805852580002,0,18.1,"No",0.659,4.138,100,1.1781,"24",666,20.2,370.22,23.34,-71.0579678,42.3546339,0.00554501993233666,"North","East","1","1","1"
17.2,2.84490938381941,14.0507,2.71142450174116,0,18.1,"No",0.597,6.657,100,1.5275,"24",666,20.2,35.05,21.22,-71.0586678,42.3561339,0.00397289139670373,"North","East","1","1","1"
17.9,2.88480071284671,18.811,2.98623733899219,0,18.1,"No",0.597,4.628,100,1.5539,"24",666,20.2,28.79,34.37,-71.0611678,42.3534339,0.00704129292459706,"North","East","1","1","1"
16.3,2.79116510781272,28.6558,3.38965772182785,0,18.1,"No",0.597,5.155,100,1.5894,"24",666,20.2,210.97,20.08,-71.0594678,42.3516339,0.00848511909462546,"North","East","1","1","1"
15,2.70805020110221,51.1358,3.95385185290181,0,18.1,"No",0.597,5.757,100,1.413,"24",666,20.2,2.6,10.11,-71.0575678,42.3501339,0.0100547454492898,"North","East","0","1","1"
10.5,2.35137525716348,24.3938,3.23450504974039,0,18.1,"No",0.7,4.652,100,1.4672,"24",666,20.2,396.9,28.28,-71.0591517666667,42.3730053666667,0.012907822250694,"North","East","1","1","1"
11.5,2.4423470353692,8.15174,2.21394402514299,0,18.1,"No",0.7,5.39,98.9,1.7281,"24",666,20.2,396.9,20.85,-71.0411517666667,42.3727053666667,0.0217691307877855,"North","East","1","1","1"
11.3,2.42480272571829,9.18702,2.32111436089254,0,18.1,"No",0.7,5.536,100,1.5804,"24",666,20.2,396.9,23.6,-71.0396517666667,42.3710053666667,0.0221228729732064,"North","East","1","1","1"
12.3,2.50959926237837,7.99248,2.19638867250955,0,18.1,"No",0.7,5.52,100,1.5331,"24",666,20.2,396.9,24.56,-71.0426517666667,42.3675053666667,0.0178562185784695,"North","East","1","1","1"
8.8,2.17475172148416,20.0849,3.04855714447919,0,18.1,"No",0.7,4.368,91.2,1.4395,"24",666,20.2,285.83,30.63,-71.0416517666667,42.3653053666667,0.0180165866704974,"North","East","1","1","1"
10.9,2.3887627892351,15.8744,2.82579768057092,0,18.1,"No",0.671,6.545,99.1,1.5192,"24",666,20.2,396.9,21.08,-71.0409517666667,42.3671053666667,0.0192669209247887,"North","East","1","1","1"
7.2,1.97408102602201,16.8118,2.87986115901106,0,18.1,"No",0.7,5.277,98.1,1.4261,"24",666,20.2,396.9,30.81,-71.0396517666667,42.3688053666667,0.0211252904182498,"North","East","1","1","1"
10.2,2.32238772029023,14.3337,2.73005302057855,0,18.1,"No",0.7,4.88,100,1.5895,"24",666,20.2,372.92,30.62,-71.0376517666667,42.3695053666667,0.0232367885458029,"North","East","1","1","1"
9.7,2.27212588550934,11.5779,2.53194130570014,0,18.1,"No",0.7,5.036,97,1.77,"24",666,20.2,396.9,25.68,-71.0349517666667,42.3721053666667,0.0267889288436209,"North","East","1","1","1"
23.2,3.14415227867226,5.29305,1.83944584984932,0,18.1,"No",0.7,6.051,82.5,2.1678,"24",666,20.2,378.38,18.76,-71.0290517666667,42.3740053666667,0.0329283503269595,"North","East","1","1","1"
7.4,2.00148000021012,22.5971,3.1611238231251,0,18.1,"No",0.7,5,89.5,1.5184,"24",666,20.2,396.9,31.99,-71.0216517666667,42.3770053666667,0.040905040136742,"North","East","1","1","1"
15.1,2.71469474382088,6.96215,2.07469906388823,0,18.1,"No",0.7,5.713,97,1.9265,"24",666,20.2,394.43,17.11,-71.0381517666667,42.3645053666667,0.0212107624078517,"North","East","1","1","1"
29.8,3.39450839351136,4.64689,1.7311049511314,0,18.1,"No",0.614,6.98,67.6,2.5329,"24",666,20.2,374.68,11.66,-71.1200875714286,42.2901524714286,0.0929331784164218,"South","West","1","1","1"
13.8,2.62466859216316,8.05579,2.20340433214602,0,18.1,"No",0.584,5.427,95.4,2.4298,"24",666,20.2,352.58,18.14,-71.1018875714286,42.2891524714286,0.0829547051572209,"South","West","1","1","1"
13.3,2.58776403522771,6.39312,2.00054983801364,0,18.1,"No",0.584,6.162,97.4,2.206,"24",666,20.2,302.76,24.1,-71.0979875714286,42.2940524714286,0.0767470798830709,"South","West","1","1","1"
12,2.484906649788,15.0234,2.77405015382823,0,18.1,"No",0.614,5.304,97.3,2.1007,"24",666,20.2,349.48,24.91,-71.1033875714286,42.2941524714286,0.0795501133644191,"South","West","1","1","1"
14.6,2.68102152871429,10.233,2.41885587465943,0,18.1,"No",0.614,6.185,96.7,2.1705,"24",666,20.2,379.7,18.03,-71.0996875714286,42.2981524714286,0.0741695508894974,"South","West","1","1","1"
21.4,3.06339092202781,14.3337,2.73005302057855,0,18.1,"No",0.614,6.229,88,1.9512,"24",666,20.2,383.32,13.11,-71.1026875714286,42.2974524714286,0.0764333974628989,"South","West","1","1","1"
16.7,2.81540871942271,4.87141,1.77009480942484,0,18.1,"No",0.614,6.484,93.6,2.3053,"24",666,20.2,396.21,18.68,-71.1138875714286,42.3006524714286,0.0809792668827229,"South","West","1","1","1"
21.2,3.05400118167797,3.67367,1.54194463028652,0,18.1,"No",0.583,6.312,51.9,3.9917,"24",666,20.2,388.62,10.58,-71.1314809,42.2566539,0.126368835754788,"South","West","0","1","1"
20.6,3.02529107579554,4.83567,1.76398908348261,0,18.1,"No",0.583,5.905,53.2,3.1523,"24",666,20.2,388.22,11.45,-71.1260809,42.2481539,0.130557277200555,"South","West","1","1","1"
19.1,2.94968833505258,5.69175,1.9008754243873,0,18.1,"No",0.583,6.114,79.8,3.5459,"24",666,20.2,392.68,14.98,-71.1225809,42.2576539,0.120625289346892,"South","West","1","1","1"
20.6,3.02529107579554,2.37857,1.21745254304956,0,18.1,"No",0.583,5.871,41.9,3.724,"24",666,20.2,370.73,13.34,-71.1160809,42.2636539,0.112122725305894,"South","West","1","1","1"
19.1,2.94968833505258,4.42228,1.69051639120382,0,18.1,"No",0.584,6.003,94.5,2.5403,"24",666,20.2,331.29,21.32,-71.0832414666667,42.2832583666667,0.0806048609751279,"South","East","1","1","1"
19.1,2.94968833505258,15.5757,2.8079377674577,0,18.1,"No",0.58,5.926,71,2.9084,"24",666,20.2,368.74,18.13,-71.0872414666667,42.2732583666667,0.0913493733575602,"South","East","1","1","1"
23.2,3.14415227867226,3.56868,1.51922432292115,0,18.1,"No",0.58,6.437,75,2.8965,"24",666,20.2,393.37,14.36,-71.0862414666667,42.2777583666667,0.0867623211969694,"South","East","1","1","1"
19.9,2.99071973173045,4.34879,1.67687036710373,0,18.1,"No",0.58,6.167,84,3.0334,"24",666,20.2,396.9,16.29,-71.0912414666667,42.2732583666667,0.0926684398603566,"South","East","1","1","1"
20.1,3.00071981506503,13.0751,2.64440727879625,0,18.1,"No",0.58,5.713,56.7,2.8237,"24",666,20.2,396.9,14.76,-71.0997414666667,42.2750583666667,0.0943403667550915,"South","West","1","1","1"
19.6,2.97552956623647,4.03841,1.61709055611972,0,18.1,"No",0.532,6.229,90.7,3.0993,"24",666,20.2,395.33,12.87,-71.1005414666667,42.2802583666667,0.0900483101423109,"South","West","1","1","1"
13.8,2.62466859216316,18.4982,2.97032215361678,0,18.1,"No",0.668,4.138,100,1.137,"24",666,20.2,396.9,37.97,-71.0538839,42.3657024,0.00751985006298972,"North","East","1","1","1"
13.8,2.62466859216316,11.1081,2.49387465012768,0,18.1,"No",0.668,4.906,100,1.1742,"24",666,20.2,396.9,34.77,-71.0545839,42.3637024,0.0056219218217537,"North","East","1","1","1"
8.3,2.11625551480255,15.8603,2.82496174600971,0,18.1,"No",0.679,5.896,95.4,1.9096,"24",666,20.2,7.68,24.39,-71.0788590105263,42.3184714842105,0.0461659552920102,"South","East","1","1","1"
8.4,2.12823170584927,11.8123,2.5504056470207,0,18.1,"No",0.718,6.824,76.5,1.794,"24",666,20.2,48.45,22.74,-71.0823590105263,42.3152714842105,0.0505956618966569,"South","East","1","1","1"
8.8,2.17475172148416,73.5341,4.31125673878533,0,18.1,"No",0.679,5.957,100,1.8026,"24",666,20.2,16.45,20.62,-71.0845590105263,42.3164714842105,0.0506145454507127,"South","East","1","1","1"
10.4,2.34180580614733,25.9406,3.29363444244913,0,18.1,"No",0.679,5.304,89.1,1.6475,"24",666,20.2,127.36,26.64,-71.0866590105263,42.3206714842105,0.0482200220112082,"South","East","1","1","1"
7.5,2.01490302054226,10.8342,2.470993644568,0,18.1,"No",0.679,6.782,90.8,1.8195,"24",666,20.2,21.57,25.79,-71.0893590105263,42.3188714842105,0.0512595536114461,"South","East","1","1","1"
7.2,1.97408102602201,18.0846,2.94888172710933,0,18.1,"No",0.679,6.434,100,1.8347,"24",666,20.2,27.25,29.05,-71.0954590105263,42.3198714842105,0.0543589434526395,"South","East","1","1","1"
7,1.94591014905531,45.7461,3.84473082979496,0,18.1,"No",0.693,4.519,100,1.6582,"24",666,20.2,88.27,36.98,-71.0986590105263,42.3189714842105,0.0572043156508091,"South","West","1","1","1"
13.4,2.59525470695687,7.05042,2.0857242639825,0,18.1,"No",0.614,6.103,85.1,2.0218,"24",666,20.2,2.52,23.29,-71.1018590105263,42.3217714842105,0.0575721435072913,"South","West","1","1","1"
10.2,2.32238772029023,12.2472,2.58378620934614,0,18.1,"No",0.584,5.837,59.7,1.9976,"24",666,20.2,24.65,15.69,-71.1033590105263,42.3169714842105,0.0619408789991095,"South","West","1","1","1"
20.8,3.03495298670727,12.0482,2.56865019322086,0,18.1,"No",0.614,5.648,87.6,1.9512,"24",666,20.2,291.55,14.1,-71.0987590105263,42.3147714842105,0.0603607079465867,"South","West","1","1","1"
11.7,2.45958884180371,8.79212,2.28157798059684,0,18.1,"No",0.584,5.565,70.6,2.0635,"24",666,20.2,3.65,17.16,-71.0958590105263,42.3119714842105,0.0606821430997773,"South","West","1","1","1"
10.9,2.3887627892351,37.6619,3.65485461897709,0,18.1,"No",0.679,6.202,78.7,1.8629,"24",666,20.2,18.82,14.52,-71.0945590105263,42.3166714842105,0.0561925352283769,"South","East","1","1","1"
16.7,2.81540871942271,11.0874,2.49216358773588,0,18.1,"No",0.718,6.411,100,1.8589,"24",666,20.2,318.75,15.02,-71.0926590105263,42.3136714842105,0.0574045108865998,"South","East","1","1","1"
11,2.39789527279837,7.36711,2.12430854411362,0,18.1,"No",0.679,6.193,78.1,1.9356,"24",666,20.2,96.73,21.52,-71.0910590105263,42.3160714842105,0.0545225839506461,"South","East","1","1","1"
9.5,2.2512917986065,9.33889,2.33591251322114,0,18.1,"No",0.679,6.38,95.6,1.9682,"24",666,20.2,60.72,24.08,-71.0889590105263,42.3139714842105,0.0550580065273023,"South","East","1","1","1"
14.5,2.67414864942653,8.49213,2.25046303422352,0,18.1,"No",0.584,6.348,86.1,2.0527,"24",666,20.2,83.45,17.64,-71.0853590105263,42.3119714842105,0.0549220654211907,"South","East","1","1","1"
14.1,2.64617479738412,10.0623,2.40354293107457,0,18.1,"No",0.584,6.833,94.3,2.0882,"24",666,20.2,81.33,19.69,-71.0915590105263,42.3089714842105,0.0606690703356523,"South","East","1","1","1"
16.1,2.77881927199042,6.44405,2.00741505557636,0,18.1,"No",0.584,6.425,74.8,2.2004,"24",666,20.2,97.95,12.03,-71.0873590105263,42.3079714842105,0.0593910552065723,"South","East","1","1","1"
14.2,2.65324196460721,7.02259,2.08226131238706,0,18.1,"No",0.718,6.006,95.3,1.8746,"24",666,20.2,319.98,15.7,-71.0888590105263,42.3053714842105,0.0623919285824285,"South","East","1","1","1"
10.8,2.37954613413017,12.8023,2.62483524494248,0,18.1,"No",0.74,5.854,96.6,1.8956,"24",666,20.2,240.52,23.79,-71.0580572,42.305863,0.0542435478268085,"South","East","1","1","1"
15.4,2.73436750941958,9.96654,2.39484881888454,0,18.1,"No",0.74,6.485,100,1.9784,"24",666,20.2,386.73,18.85,-71.0560572,42.308563,0.0516153454007575,"South","East","1","1","1"
11.8,2.46809953147162,10.6718,2.45717567604969,0,18.1,"No",0.74,6.459,94.8,1.9879,"24",666,20.2,43.06,23.98,-71.0545572,42.311063,0.049228927276947,"South","East","1","1","1"
18.4,2.91235066461494,5.66637,1.89707548389573,0,18.1,"No",0.74,6.219,100,2.0048,"24",666,20.2,395.69,16.59,-71.0540572,42.313663,0.046688838932221,"South","East","1","1","1"
14.9,2.70136121295141,6.28807,1.98623876474139,0,18.1,"No",0.74,6.341,96.4,2.072,"24",666,20.2,318.01,17.79,-71.0530572,42.316063,0.0444229184187558,"South","East","1","1","1"
15.2,2.72129542785223,5.44114,1.86270554308385,0,18.1,"No",0.713,6.655,98.2,2.3552,"24",666,20.2,355.29,17.73,-71.0530572,42.318163,0.0423420627844105,"South","East","1","1","1"
16.1,2.77881927199042,5.09017,1.80667599594632,0,18.1,"No",0.713,6.297,91.8,2.3682,"24",666,20.2,385.09,17.27,-71.0455572,42.318363,0.0438178899633307,"South","East","1","1","1"
17.8,2.87919845729804,8.24809,2.22441704371658,0,18.1,"No",0.713,7.393,99.3,2.4527,"24",666,20.2,375.87,16.74,-71.0406572,42.316863,0.0469280078507337,"South","East","1","1","1"
14.9,2.70136121295141,9.51363,2.35267251060436,0,18.1,"No",0.713,6.728,94.1,2.4961,"24",666,20.2,6.68,18.71,-71.0430572,42.309363,0.0531529630485326,"South","East","1","1","1"
13.4,2.59525470695687,6.71772,2.04351898362862,0,18.1,"No",0.713,6.749,92.6,2.3236,"24",666,20.2,0.32,17.44,-71.0425572,42.313363,0.0495119609876094,"South","East","1","1","1"
12.6,2.53369681395743,9.92485,2.39104001091028,0,18.1,"No",0.74,6.251,96.6,2.198,"24",666,20.2,388.52,16.44,-71.0463572,42.313563,0.0481976576281341,"South","East","1","1","1"
17.1,2.83907846350861,9.72418,2.37250100501465,0,18.1,"No",0.74,6.406,97.2,2.0651,"24",666,20.2,385.96,19.52,-71.0490572,42.316363,0.0448308585779833,"South","East","1","1","1"
14.1,2.64617479738412,4.75237,1.74961194380197,0,18.1,"No",0.713,6.525,86.5,2.4358,"24",666,20.2,50.92,18.13,-71.0510572,42.313363,0.0473904703589129,"South","East","1","1","1"
10.5,2.35137525716348,22.0511,3.13771349064672,0,18.1,"No",0.74,5.818,92.4,1.8662,"24",666,20.2,391.45,22.11,-71.0475572,42.311163,0.0502343416483094,"South","East","1","1","1"
12.8,2.54944517092557,9.39063,2.34090443849907,0,18.1,"No",0.74,5.627,93.9,1.8172,"24",666,20.2,396.9,22.88,-71.0455572,42.308363,0.0534298369905701,"South","East","1","1","1"
14.3,2.66025953726586,5.58107,1.88419734609877,0,18.1,"No",0.713,6.436,87.9,2.3158,"24",666,20.2,100.19,16.22,-71.0485572,42.306363,0.0547232919408046,"South","East","1","1","1"
9.6,2.26176309847379,14.4208,2.73571724746388,0,18.1,"No",0.74,6.461,93.3,2.0026,"24",666,20.2,27.49,18.05,-71.0513572,42.308863,0.0517892266870151,"South","East","1","1","1"
8.4,2.12823170584927,13.6781,2.68635658701695,0,18.1,"No",0.74,5.935,87.9,1.8206,"24",666,20.2,68.95,34.02,-71.0545572,42.305363,0.0549090072833167,"South","East","1","1","1"
11.7,2.45958884180371,13.9134,2.70226013765657,0,18.1,"No",0.713,6.208,95,2.2222,"24",666,20.2,100.63,15.17,-71.0495572,42.303863,0.0570077896505315,"South","East","1","1","1"
8.7,2.16332302566054,15.1772,2.78360284350288,0,18.1,"No",0.74,6.152,100,1.9142,"24",666,20.2,9.32,26.45,-71.0425572,42.303363,0.0590438335547261,"South","East","1","1","1"
14.1,2.64617479738412,9.32909,2.33496418631793,0,18.1,"No",0.713,6.185,98.7,2.2616,"24",666,20.2,396.9,18.13,-71.0485572,42.301363,0.0596406629812139,"South","East","1","1","1"
13,2.56494935746154,7.52601,2.14312149122528,0,18.1,"No",0.713,6.417,98.3,2.185,"24",666,20.2,304.21,19.31,-71.0540572,42.301163,0.0591356295378596,"South","East","1","1","1"
13.4,2.59525470695687,11.1604,2.49818477073384,0,18.1,"No",0.74,6.629,94.6,2.1247,"24",666,20.2,109.85,23.27,-71.0595572,42.302363,0.0577407402172812,"South","East","1","1","1"
6.3,1.84054963339749,9.91655,2.39027998633314,0,18.1,"No",0.693,5.852,77.8,1.5004,"24",666,20.2,338.16,29.97,-71.0367388384615,42.3376821615385,0.0315226357086627,"South","East","1","1","1"
8.3,2.11625551480255,24.8017,3.25044038122969,0,18.1,"No",0.693,5.349,96,1.7028,"24",666,20.2,396.9,19.77,-71.0400388384615,42.3359821615385,0.0306172099747295,"South","East","1","1","1"
12.1,2.4932054526027,9.59571,2.36044920221687,0,18.1,"No",0.693,6.404,100,1.639,"24",666,20.2,376.11,20.31,-71.0420388384616,42.3362821615385,0.0291819841238703,"South","East","1","1","1"
7.2,1.97408102602201,14.2362,2.72367417533514,0,18.1,"No",0.693,6.343,100,1.5741,"24",666,20.2,396.9,20.32,-71.0460388384615,42.3359821615385,0.0273327570540411,"South","East","1","1","1"
5.6,1.7227665977411,25.0461,3.25986804489927,0,18.1,"No",0.693,5.987,100,1.5888,"24",666,20.2,396.9,26.77,-71.0450388384616,42.3390821615385,0.0251770000752764,"South","East","1","1","1"
5,1.6094379124341,38.3518,3.67254171714632,0,18.1,"No",0.693,5.453,100,1.4896,"24",666,20.2,396.9,30.59,-71.0430388384615,42.3456821615385,0.0214347967392267,"North","East","1","1","1"
13.1,2.57261223020711,8.71675,2.27385120042095,0,18.1,"No",0.693,6.471,98.8,1.7257,"24",666,20.2,391.98,17.12,-71.0530388384615,42.3398821615385,0.0210502780655444,"South","East","1","1","1"
12.5,2.52572864430826,5.87205,1.9274624605577,0,18.1,"No",0.693,6.405,96,1.6768,"24",666,20.2,396.9,19.37,-71.0526388384615,42.3377821615385,0.0231794749165337,"South","East","1","1","1"
12.7,2.54160199346455,13.3598,2.66443263594649,0,18.1,"No",0.693,5.887,94.7,1.7821,"24",666,20.2,396.9,16.35,-71.0500388384615,42.3381821615385,0.0236413160935818,"South","East","1","1","1"
13.8,2.62466859216316,8.64476,2.26641476268884,0,18.1,"No",0.693,6.193,92.6,1.7912,"24",666,20.2,396.9,15.17,-71.0500388384615,42.3354821615385,0.0261640622673388,"South","East","1","1","1"
8.5,2.14006616349627,41.5292,3.75019089883704,0,18.1,"No",0.693,5.531,85.4,1.6074,"24",666,20.2,329.46,27.38,-71.0532388384615,42.3346821615385,0.0260406463441593,"South","East","1","1","1"
5,1.6094379124341,67.9208,4.23295801925342,0,18.1,"No",0.693,5.683,100,1.4254,"24",666,20.2,384.97,22.98,-71.0545388384615,42.3367821615385,0.0237221693882151,"South","East","1","1","1"
8.5,2.14006616349627,7.67202,2.16010175096769,0,18.1,"No",0.693,5.747,98.9,1.6334,"24",666,20.2,393.1,19.92,-71.0520388384615,42.3423821615385,0.0189999299316097,"South","East","1","1","1"
25,3.2188758248682,5.73116,1.90674749135964,0,18.1,"No",0.532,7.061,77,3.4106,"24",666,20.2,395.28,7.01,-71.1676506,42.2851804,0.132059227108608,"South","West","0","1","1"
23.7,3.16547504814109,5.70818,1.90332767723243,0,18.1,"No",0.532,6.75,74.9,3.3317,"24",666,20.2,393.07,7.74,-71.1618506,42.2841804,0.12791642468628,"South","West","0","1","1"
23,3.13549421592915,5.82401,1.92044727560448,0,18.1,"No",0.532,6.242,64.7,3.4242,"24",666,20.2,396.9,10.74,-71.1568506,42.2776804,0.128012931005123,"South","West","0","1","1"
21.8,3.08190996979504,2.81838,1.3398262488999,0,18.1,"No",0.532,5.762,40.3,4.0983,"24",666,20.2,392.92,10.42,-71.1643506,42.2719804,0.137422316035353,"South","West","0","1","1"
23,3.13549421592915,0.30347,0.265029939166847,0,7.38,"No",0.493,6.312,28.9,5.4159,"5",287,19.6,396.9,6.15,-71.0152013,42.2107392,0.155622058071244,"South","East","0","0","1"
22.2,3.10009228887823,0.24103,0.215941679983465,0,7.38,"No",0.493,6.083,43.7,5.4159,"5",287,19.6,396.9,12.79,-71.0042013,42.2157392,0.154376126257685,"South","East","1","0","1"
23.1,3.13983261752775,0.18159,0.166860989098341,0,7.38,"No",0.493,6.376,54.3,4.5404,"5",287,19.6,396.9,6.87,-70.9967013,42.2184392,0.154714125206234,"South","East","0","0","1"
23.8,3.16968558067743,0.1676,0.154950359997823,0,7.38,"No",0.493,6.426,52.3,4.5404,"5",287,19.6,396.9,7.2,-70.9901013,42.2192392,0.156764237306625,"South","East","0","0","1"
18.5,2.91777073208428,0.28392,0.249917898030764,0,7.38,"No",0.493,5.708,74.3,4.7211,"5",287,19.6,391.13,11.74,-70.9962013,42.2082392,0.16429494684356,"South","East","1","0","1"
25,3.2188758248682,0.34109,0.293482716141451,0,7.38,"No",0.493,6.415,40.1,4.7211,"5",287,19.6,396.9,6.12,-71.0067013,42.1883392,0.179517343725693,"South","East","0","0","1"
20.4,3.01553490085017,0.35114,0.300948680552166,0,7.38,"No",0.493,6.041,49.9,4.7211,"5",287,19.6,396.9,7.7,-71.0062013,42.1992392,0.169273004221964,"South","East","0","0","1"
24.6,3.20274644293832,0.19186,0.175515112080976,0,7.38,"No",0.493,6.431,14.7,5.4159,"5",287,19.6,393.68,5.08,-71.0167013,42.2032392,0.162437806123849,"South","East","0","0","1"
30.1,3.40452517175483,0.65665,0.504797491027649,20,3.97,"No",0.647,6.842,100,2.0107,"5",264,13,391.93,6.9,-71.1119301666667,42.3368975333333,0.0578839618211477,"South","West","0","0","1"
43.5,3.77276093809464,0.5405,0.432107039054586,20,3.97,"No",0.575,7.47,52.6,2.872,"5",264,13,390.3,3.16,-71.1167301666667,42.3372975333333,0.0621633385749087,"South","West","0","0","1"
50,3.91202300542815,0.57834,0.456373661825848,20,3.97,"No",0.575,8.297,67,2.4216,"5",264,13,384.54,7.44,-71.1205301666667,42.3370975333333,0.0657829074768803,"South","West","0","0","1"
30.7,3.42426265459315,0.7857,0.579810495220942,20,3.97,"No",0.647,7.014,84.6,2.1329,"5",264,13,384.07,14.79,-71.1240301666667,42.3335975333333,0.0703158541827204,"South","West","1","0","1"
36.5,3.59731226058845,0.55007,0.438300091201737,20,3.97,"No",0.647,7.206,91.6,1.9301,"5",264,13,387.89,8.1,-71.1230301666667,42.3315975333333,0.0701788350058514,"South","West","0","0","1"
31,3.43398720448515,0.82526,0.601722442640598,20,3.97,"No",0.647,7.327,94.5,2.0788,"5",264,13,393.42,11.25,-71.1275301666667,42.3295975333333,0.0751032639067429,"South","West","0","0","1"
48.8,3.8877303128591,0.52014,0.418802435879914,20,3.97,"No",0.647,8.398,91.5,2.2885,"5",264,13,386.86,5.91,-71.1190301666667,42.3275975333333,0.0683523758385886,"South","West","0","0","1"
43.1,3.7635229971097,0.53412,0.427956926743391,20,3.97,"No",0.647,7.52,89.4,2.1398,"5",264,13,388.37,7.26,-71.1150301666667,42.3325975333333,0.062505849988452,"South","West","0","0","1"
33.8,3.52046080248897,0.54011,0.431853842446067,20,3.97,"No",0.647,7.203,81.8,2.1121,"5",264,13,392.8,9.59,-71.1140301666667,42.3295975333333,0.0630058390107224,"South","West","0","0","1"
36,3.58351893845611,0.66351,0.508929827880027,20,3.97,"No",0.647,7.333,100,1.8946,"5",264,13,383.29,7.79,-71.1165301666667,42.3260975333333,0.0669134056034113,"South","West","0","0","1"
50,3.91202300542815,0.61154,0.477190243560092,20,3.97,"No",0.647,8.704,86.9,1.801,"5",264,13,389.7,5.12,-71.1290301666667,42.3220975333333,0.0797648277716753,"South","West","0","0","1"
22.8,3.1267605359604,0.76162,0.566233840236998,20,3.97,"No",0.647,5.56,62.8,1.9865,"5",264,13,392.4,10.45,-71.1365301666667,42.3370975333333,0.0809663896283251,"South","West","0","0","1"
23.4,3.15273602236366,0.19539,0.178472491972324,0,10.81,"No",0.413,6.245,6.2,5.2873,"4",305,19.2,377.17,7.54,-73.212197,44.4884325,3.02762071613424,"North","West","0","0","1"
22.8,3.1267605359604,0.09164,0.0876811526398337,0,10.81,"No",0.413,6.065,7.8,5.2873,"4",305,19.2,390.91,5.52,-73.200697,44.4732325,3.00875777552218,"North","West","0","0","1"
21.7,3.07731226054641,0.15876,0.147350467849902,0,10.81,"No",0.413,5.961,17.5,5.2873,"4",305,19.2,376.94,9.88,-73.221197,44.4774325,3.02632206345676,"North","West","0","0","1"
24.2,3.18635263316264,0.08826,0.0845800904730633,0,10.81,"No",0.413,6.417,6.6,5.2873,"4",305,19.2,383.73,6.72,-73.214197,44.4644325,3.01222848216486,"North","West","0","0","1"
13.4,2.59525470695687,3.32105,1.46349842827836,0,19.58,"Yes",0.871,5.403,100,1.3216,"5",403,14.7,396.9,26.82,-71.0899068333333,42.3710791333333,0.0328932376349825,"North","East","1","1","1"
22.7,3.12236492448736,2.24236,1.17630145971503,0,19.58,"No",0.605,5.854,91.8,2.422,"5",403,14.7,395.11,11.64,-71.0938068333333,42.3718791333333,0.0368406703989589,"North","East","1","1","1"
50,3.91202300542815,2.01019,1.1020031996922,0,19.58,"No",0.605,7.929,96.2,2.0459,"5",403,14.7,369.3,3.7,-71.0929068333333,42.3693791333333,0.0352500642379281,"North","East","0","1","1"
25,3.2188758248682,2.924,1.36711154170312,0,19.58,"No",0.605,6.101,93,2.2834,"5",403,14.7,240.16,9.81,-71.0959068333333,42.3678791333333,0.0378156135581324,"North","West","0","1","1"
22.3,3.10458667846607,2.44953,1.2382379898788,0,19.58,"No",0.605,6.402,95.2,2.2625,"5",403,14.7,330.04,11.32,-71.1009068333333,42.3698791333333,0.0431300996456543,"North","West","0","1","1"
23.8,3.16968558067743,1.80028,1.02971941218149,0,19.58,"No",0.605,5.877,79.2,2.4259,"5",403,14.7,227.61,12.14,-71.0974068333333,42.3710791333333,0.0400414483018625,"North","West","1","1","1"
23.8,3.16968558067743,2.3004,1.19404367324805,0,19.58,"No",0.605,6.319,96.1,2.1,"5",403,14.7,297.09,11.1,-71.0986068333333,42.3728791333333,0.041712574388444,"North","West","0","1","1"
27,3.29583686600433,1.27346,0.821302900110118,0,19.58,"Yes",0.605,6.25,92.6,1.7984,"5",403,14.7,338.92,5.5,-71.0999068333333,42.3718791333333,0.042665071922025,"North","West","0","1","1"
50,3.91202300542815,1.46336,0.901526271673189,0,19.58,"No",0.605,7.489,90.8,1.9709,"5",403,14.7,374.43,1.73,-71.1039068333333,42.3724791333333,0.0466782389211215,"North","West","0","1","1"
17.8,2.87919845729804,2.33099,1.20326955710557,0,19.58,"No",0.871,5.186,93.8,1.5296,"5",403,14.7,356.99,28.32,-71.1041068333333,42.3693791333333,0.0461493238893559,"North","West","1","1","1"
50,3.91202300542815,1.51902,0.923869936997549,0,19.58,"Yes",0.605,8.375,93.9,2.162,"5",403,14.7,388.45,3.32,-71.1009068333333,42.3658791333333,0.0424025049823415,"North","West","0","1","1"
23.3,3.14845336057165,1.42502,0.885839771778117,0,19.58,"No",0.871,6.51,100,1.7659,"5",403,14.7,364.31,7.39,-71.1064068333333,42.3638791333333,0.0476569099093774,"North","West","0","1","1"
15.4,2.73436750941958,2.73397,1.31747201080766,0,19.58,"No",0.871,5.597,94.9,1.5257,"5",403,14.7,351.85,21.45,-71.1081068333333,42.3650791333333,0.0494581056596764,"North","West","1","1","1"
19.1,2.94968833505258,2.3139,1.19812574353401,0,19.58,"No",0.605,5.88,97.3,2.3887,"5",403,14.7,348.13,12.03,-71.1099068333333,42.3638791333333,0.0511466410964003,"North","West","1","1","1"
15.6,2.74727091425549,4.0974,1.62873060581451,0,19.58,"No",0.871,5.468,100,1.4118,"5",403,14.7,396.9,26.42,-71.1086068333333,42.3688791333333,0.0504761573627642,"North","West","1","1","1"
24.3,3.1904763503465,1.34284,0.851363868674899,0,19.58,"No",0.605,6.066,100,1.7573,"5",403,14.7,353.89,6.43,-71.1109068333333,42.3773791333333,0.0548021820926032,"North","West","0","1","1"
13.8,2.62466859216316,2.37934,1.2176804241558,0,19.58,"No",0.871,6.13,100,1.4191,"5",403,14.7,172.91,27.8,-71.1089068333333,42.3733791333333,0.0517399145931847,"North","West","1","1","1"
50,3.91202300542815,1.83377,1.04160798060032,0,19.58,"Yes",0.605,7.802,98.2,2.0407,"5",403,14.7,389.61,1.92,-71.1069068333333,42.3711791333333,0.0492686841930101,"North","West","0","1","1"
17.4,2.85647020622048,1.20742,0.79182441274869,0,19.58,"No",0.605,5.875,94.6,2.4259,"5",403,14.7,292.29,14.43,-71.1119068333333,42.3702791333333,0.0539753567421596,"North","West","1","1","1"
41.3,3.72086249996699,1.22358,0.79911850963327,0,19.58,"No",0.605,6.943,97.4,1.8773,"5",403,14.7,363.43,4.59,-71.1154068333333,42.3770791333333,0.0590026540259852,"North","West","0","1","1"
13.1,2.57261223020711,2.44668,1.23741144887664,0,19.58,"No",0.871,5.272,94,1.7364,"5",403,14.7,88.63,16.14,-71.1189068333333,42.3738791333333,0.0615685354877824,"North","West","1","1","1"
15.6,2.74727091425549,3.53501,1.51182728863633,0,19.58,"Yes",0.871,6.152,82.6,1.7455,"5",403,14.7,88.01,15.02,-71.1234068333333,42.3738791333333,0.0659620804865275,"North","West","1","1","1"
17,2.83321334405622,1.41385,0.881222983213655,0,19.58,"Yes",0.871,6.129,96,1.7494,"5",403,14.7,321.02,15.12,-71.1337068333333,42.3753791333333,0.0763512555808859,"North","West","1","1","1"
11.8,2.46809953147162,2.77974,1.32965522419705,0,19.58,"No",0.871,4.903,97.8,1.3459,"5",403,14.7,396.9,29.29,-71.1239068333333,42.3783791333333,0.0675278838365522,"North","West","1","1","1"
15.3,2.72785282839839,1.12658,0.754515055507092,0,19.58,"Yes",0.871,5.012,88,1.6102,"5",403,14.7,343.28,12.12,-71.1189068333333,42.3793791333333,0.0630278115499568,"North","West","1","1","1"
19.6,2.97552956623647,1.49632,0.914817647417811,0,19.58,"No",0.871,5.404,100,1.5916,"5",403,14.7,341.6,13.28,-71.1285068333333,42.3833791333333,0.0733963847573158,"North","West","1","1","1"
21.5,3.06805293513362,1.6566,0.977047109716266,0,19.58,"No",0.871,6.122,97.3,1.618,"5",403,14.7,372.8,14.1,-71.1159068333333,42.3819791333333,0.0610612440268809,"North","West","1","1","1"
14.6,2.68102152871429,2.36862,1.21450316494911,0,19.58,"No",0.871,4.926,95.7,1.4608,"5",403,14.7,391.71,29.53,-71.1194068333333,42.3839791333333,0.0650483657656152,"North","West","1","1","1"
15.6,2.74727091425549,2.15505,1.14900434372814,0,19.58,"No",0.871,5.628,100,1.5166,"5",403,14.7,169.27,16.65,-71.1229068333333,42.3856791333333,0.0689287079194447,"North","West","1","1","1"
19.4,2.96527306606928,2.14918,1.14714210148875,0,19.58,"No",0.871,5.709,98.5,1.6232,"5",403,14.7,261.95,15.79,-71.1211068333333,42.3878791333333,0.0681276035253712,"North","West","1","1","1"
26.4,3.27336401015227,0.09266,0.0886150903536463,34,6.09,"No",0.433,6.495,18.4,5.4917,"7",329,16.1,383.61,8.67,-81.3871136666667,40.7882806333333,10.4471342322069,"South","West","0","0","2"
33.1,3.49953328238302,0.1,0.0953101798043249,34,6.09,"No",0.433,6.982,17.7,5.4917,"7",329,16.1,390.43,4.86,-81.3621136666667,40.7952806333333,10.4213661058079,"South","West","0","0","2"
22,3.09104245335832,0.03537,0.0347588507564548,34,6.09,"No",0.433,6.59,40.4,5.4917,"7",329,16.1,395.75,9.5,-81.3861136666667,40.8132806333333,10.4424131440047,"South","West","0","0","2"
7,1.94591014905531,0.18337,0.168366300254654,0,27.74,"No",0.609,5.414,98.3,1.7554,"4",711,20.1,344.05,23.97,-71.0293484,42.3886438,0.0410858318766837,"North","East","1","1","1"
20.1,3.00071981506503,0.11132,0.105548497988041,0,27.74,"No",0.609,5.983,83.5,2.1099,"4",711,20.1,396.9,13.35,-71.0332484,42.3877438,0.0377118583604553,"North","East","1","1","1"
15.2,2.72129542785223,0.15086,0.140509488979515,0,27.74,"No",0.609,5.454,92.7,1.8209,"4",711,20.1,395.09,18.06,-71.0349484,42.3910438,0.0391305239039709,"North","East","1","1","1"
8.1,2.09186406167839,0.20746,0.188518979701907,0,27.74,"No",0.609,5.093,98,1.8226,"4",711,20.1,318.43,29.68,-71.0264484,42.3924438,0.0458173301382643,"North","East","1","1","1"
13.6,2.61006979274201,0.10574,0.100514794089864,0,27.74,"No",0.609,5.983,98.8,1.8681,"4",711,20.1,390.11,18.07,-71.0401484,42.3989438,0.0431330882386034,"North","East","1","1","1"
32.7,3.48737507790321,0.01301,0.0129260968861336,35,1.52,"No",0.442,7.241,49.3,7.0379,"1",284,15.5,394.74,5.49,-70.8036544,42.2417675,0.281341246310617,"South","East","0","0","1"
33.3,3.5055573969864,0.04011,0.0393264767908799,80,1.52,"No",0.404,7.287,34.1,7.309,"2",329,12.6,396.9,4.08,-71.3416150666667,42.4542052333333,0.29796577632518,"North","West","0","0","1"
30.3,3.41114771251532,0.04666,0.0456041418050158,80,1.52,"No",0.404,7.107,36.6,7.309,"2",329,12.6,354.31,8.61,-71.3616150666667,42.4552052333333,0.317303351691088,"North","West","0","0","1"
34.6,3.54385368206368,0.03768,0.0369874520502805,80,1.52,"No",0.404,7.274,38.3,7.309,"2",329,12.6,392.2,6.62,-71.3436150666667,42.4717052333333,0.305807778341882,"North","West","0","0","1"
23.4,3.15273602236366,0.04981,0.0486091954146222,21,5.64,"No",0.439,5.998,21.4,6.8147,"4",243,16.8,396.9,8.43,-70.920622,42.5688259,0.250374332979259,"North","East","0","0","1"
20.5,3.02042488614436,0.04337,0.0424558590363923,21,5.64,"No",0.439,6.115,63,6.8147,"4",243,16.8,393.97,9.43,-70.932622,42.5730259,0.247555190159301,"North","East","0","0","1"
25,3.2188758248682,0.0536,0.0522128714469343,21,5.64,"No",0.439,6.511,21.1,6.8147,"4",243,16.8,396.9,5.28,-70.927622,42.5808259,0.256814789711972,"North","East","0","0","1"
19.7,2.98061863574394,0.08873,0.0850118793258392,21,5.64,"No",0.439,5.963,45.7,6.8147,"4",243,16.8,395.56,13.45,-70.947622,42.5773259,0.244069426423728,"North","East","1","0","1"
20.7,3.03013370027132,0.09065,0.0867738487820384,20,6.96,"Yes",0.464,5.92,61.5,3.9175,"3",223,18.6,391.34,13.65,-71.1668136,42.2524085,0.152455909158051,"South","West","1","0","1"
21.1,3.04927304048202,0.29916,0.261717901773971,20,6.96,"No",0.464,5.856,42.1,4.429,"3",223,18.6,388.65,13,-71.1558136,42.2394085,0.154785929713299,"South","West","1","0","1"
24.4,3.19458313229916,0.1146,0.108495596153299,20,6.96,"No",0.464,6.538,58.7,3.9175,"3",223,18.6,394.96,7.73,-71.1628136,42.2339085,0.163469663660289,"South","West","0","0","1"
35.2,3.56104608260405,0.22188,0.200390656254832,20,6.96,"Yes",0.464,7.691,51.8,4.3665,"3",223,18.6,390.77,6.58,-71.1670136,42.2429085,0.159444028352303,"South","West","0","0","1"
25.2,3.22684399451738,0.16211,0.150237318321103,20,6.96,"No",0.464,6.24,16.3,4.429,"3",223,18.6,396.9,6.59,-71.1858136,42.2494085,0.168403295802692,"South","West","0","0","1"
50,3.91202300542815,0.01501,0.0148984646619666,90,1.21,"Yes",0.401,7.923,24.8,5.885,"1",198,13.6,395.52,3.16,-75.5243682,39.158168,5.49479524439585,"South","West","0","0","2"
30.1,3.40452517175483,0.01709,0.0169456087261418,90,2.02,"No",0.41,6.728,36.1,12.1265,"5",187,17,384.46,4.5,-70.6722767,42.0417525,0.50082203112397,"South","East","0","0","1"
21.4,3.06339092202781,0.16902,0.156165790983443,0,25.65,"No",0.581,5.986,88.4,1.9929,"2",188,19.1,385.02,14.81,-122.1948795,47.9820133714286,51.4440891588166,"North","West","1","0","4"
22,3.09104245335832,0.06899,0.0667142774622037,0,25.65,"No",0.581,5.87,69.7,2.2577,"2",188,19.1,389.15,14.37,-122.2017795,47.9842133714286,51.4511882736074,"North","West","1","0","4"
15.7,2.75366071235426,0.38735,0.327395452686242,0,25.65,"No",0.581,5.613,95.6,1.7572,"2",188,19.1,359.29,27.26,-122.2082795,47.9807133714286,51.4572669105745,"North","West","1","0","4"
20.3,3.01062088604774,0.07165,0.0691995168010044,0,25.65,"No",0.581,6.004,84.1,2.1974,"2",188,19.1,377.67,14.27,-122.2075795,47.9772133714286,51.4561889107734,"North","West","1","0","4"
20.5,3.02042488614436,0.09299,0.0889170600217153,0,25.65,"No",0.581,5.961,92.9,2.0869,"2",188,19.1,378.09,17.93,-122.2013795,47.9787133714286,51.4501897530564,"North","West","1","0","4"
17.3,2.85070650150373,0.15038,0.140092322576218,0,25.65,"No",0.581,5.856,97,1.9444,"2",188,19.1,370.31,25.41,-122.1967795,47.9768133714286,51.4454097938126,"North","West","1","0","4"
18.8,2.9338568698359,0.09849,0.0939365094783795,0,25.65,"No",0.581,5.879,95.8,2.0063,"2",188,19.1,379.38,17.58,-122.2038795,47.9732133714286,51.4520744943868,"North","West","1","0","4"
18.5,2.91777073208428,0.19133,0.175070330079762,22,5.86,"No",0.431,5.605,70.2,7.9549,"7",330,19.1,389.13,18.46,-71.4053365,42.264416,0.359407396123463,"South","West","1","1","1"
29.6,3.38777436133001,0.08221,0.0790052466199538,22,5.86,"No",0.431,6.957,6.8,8.9067,"7",330,19.1,386.09,3.53,-71.4193365,42.263216,0.373230464978737,"South","West","0","1","1"
24.3,3.1904763503465,0.33983,0.292542740243048,22,5.86,"No",0.431,6.108,34.9,8.0555,"7",330,19.1,390.18,9.16,-71.4238365,42.270416,0.375794982521388,"South","West","0","1","1"
42.8,3.75653810258775,0.36894,0.314036717734459,22,5.86,"No",0.431,8.259,8.4,8.9067,"7",330,19.1,396.9,3.54,-71.4088365,42.271716,0.36092559550169,"South","West","0","1","1"
17.6,2.86789890204411,0.20608,0.187375431096634,22,5.86,"No",0.431,5.593,76.5,7.9549,"7",330,19.1,372.49,12.5,-71.4168365,42.278116,0.367205547736205,"South","West","1","1","1"
26.2,3.26575941076705,0.19073,0.174566564420888,22,5.86,"No",0.431,6.718,17.5,7.8265,"7",330,19.1,393.74,6.56,-71.4093365,42.283916,0.358622004885717,"South","West","0","1","1"
24.4,3.19458313229916,0.1403,0.131291385681176,22,5.86,"No",0.431,6.487,13,7.3967,"7",330,19.1,396.28,5.9,-71.3998365,42.292416,0.347590018395593,"South","West","0","1","1"
24.8,3.21084365317094,0.21409,0.193994824980046,22,5.86,"No",0.431,6.438,8.9,7.3967,"7",330,19.1,377.07,3.59,-71.4053365,42.299616,0.351676787388999,"South","West","0","1","1"
24.5,3.19867311755068,0.16439,0.152197344738403,22,5.86,"No",0.431,6.433,49.1,7.8265,"7",330,19.1,374.71,9.52,-71.4303365,42.294916,0.377112751558803,"South","West","0","1","1"
20.5,3.02042488614436,0.19657,0.179459130624913,22,5.86,"No",0.431,6.226,79.2,8.0555,"7",330,19.1,376.14,10.15,-71.4425365,42.274116,0.393154183989241,"South","West","0","1","1"
24.7,3.20680324363393,0.02055,0.0203416976579146,85,0.74,"No",0.41,6.383,35.7,9.1876,"2",313,17.3,396.9,5.77,-75.5043761,42.808351,4.4680182088564,"North","West","0","0","1"
23.1,3.13983261752775,0.0187,0.0185273046138836,85,4.15,"No",0.429,6.516,27.7,8.5353,"4",351,17.9,392.43,6.36,-72.2895526,43.7022451,1.82095010676865,"North","West","0","1","1"
23.9,3.17387845893747,0.02543,0.0251120368148549,55,3.78,"No",0.484,6.696,56.4,5.7321,"5",370,17.6,396.9,7.18,-70.892009,42.2540672,0.197725973399659,"South","East","0","1","1"
31.2,3.44041809481544,0.03049,0.0300344172741209,55,3.78,"No",0.484,6.874,28.1,6.4654,"5",370,17.6,387.97,4.61,-70.887509,42.2295672,0.215438359529683,"South","East","0","1","1"
17.1,2.83907846350861,0.05023,0.0490091878010528,35,6.06,"No",0.4379,5.706,28.4,6.6407,"1",304,16.9,394.02,12.43,-110.1659268,34.9007482,39.812076991939,"South","West","1","0","3"
19.4,2.96527306606928,0.03466,0.0340728703331353,35,6.06,"No",0.4379,6.031,23.3,6.6407,"1",304,16.9,362.25,7.83,-110.1504268,34.9037482,39.7962893963807,"South","West","0","0","3"
16.5,2.80336038090653,0.02498,0.0246731002048842,0,1.89,"No",0.518,6.54,59.7,6.2669,"1",422,15.9,389.96,8.65,-70.9078346,42.3020647,0.161829697902604,"South","East","0","1","1"
30.5,3.41772668361337,0.06911,0.0668265266555306,45,3.44,"No",0.437,6.739,30.8,6.4798,"5",398,15.2,389.71,4.69,-84.4903997333333,38.0301503666667,14.1121808702177,"South","West","0","1","2"
37,3.61091791264422,0.09068,0.0868013549365424,45,3.44,"No",0.437,6.951,21.5,6.4798,"5",398,15.2,377.68,5.1,-84.5091997333333,38.0286503666667,14.1305349807645,"South","West","0","1","2"
36.4,3.5945687746427,0.08664,0.0830903665320983,45,3.44,"No",0.437,7.178,26.3,6.4798,"5",398,15.2,390.49,2.87,-84.5133997333333,38.0387503666667,14.1314410350741,"South","West","0","1","2"
29.8,3.39450839351136,0.12579,0.118485011435946,45,3.44,"No",0.437,6.556,29.1,4.5667,"5",398,15.2,382.84,4.56,-84.4899997333333,38.0436503666667,14.1076637854696,"South","West","0","1","2"
32,3.46573590279973,0.07875,0.0758029634155007,45,3.44,"No",0.437,6.782,41.1,3.7886,"5",398,15.2,393.87,6.68,-84.5168997333333,38.0501503666667,14.1312923210961,"South","West","0","1","2"
34.9,3.55248682920838,0.0837,0.0803811119468124,45,3.44,"No",0.437,7.185,38.9,4.5667,"5",398,15.2,396.9,5.39,-84.5023997333333,38.0521503666667,14.1168734188371,"South","West","0","1","2"
50,3.91202300542815,0.01381,0.0137155108859413,80,0.46,"No",0.422,7.875,32,5.6484,"4",255,14.4,394.23,2.97,-96.7025955,40.813616,25.6902847718545,"South","West","0","0","2"
14.8,2.69462718077007,0.95577,0.670783977786677,0,8.14,"No",0.538,6.047,88.8,4.4534,"4",307,21,306.38,17.28,-70.9414847090909,42.4766857272727,0.16546474652618,"North","East","1","0","1"
13.1,2.57261223020711,1.15172,0.766267522310136,0,8.14,"No",0.538,5.701,95,3.7872,"4",307,21,358.77,18.35,-70.9489847090909,42.4716857272727,0.156629325819307,"North","East","1","0","1"
13.5,2.60268968544438,1.61282,0.96043009782816,0,8.14,"No",0.538,6.096,96.9,3.7598,"4",307,21,248.31,20.34,-70.9534847090909,42.4786857272727,0.158666185024551,"North","East","1","0","1"
21,3.04452243772342,1.00245,0.694371430859638,0,8.14,"No",0.538,6.674,87.3,4.239,"4",307,21,380.23,11.98,-70.9639847090909,42.4831857272727,0.155431685015027,"North","East","1","0","1"
14.5,2.67414864942653,1.35472,0.856421824433666,0,8.14,"No",0.538,6.072,100,4.175,"4",307,21,376.73,13.04,-70.9549847090909,42.4696857272727,0.151021254486281,"North","East","1","0","1"
12.7,2.54160199346455,1.13081,0.756502189122719,0,8.14,"No",0.538,5.713,94.1,4.233,"4",307,21,360.17,22.6,-70.9694847090909,42.4671857272727,0.139507875167969,"North","East","1","0","1"
13.9,2.63188884013665,0.84054,0.610059006825443,0,8.14,"No",0.538,5.599,85.7,4.4546,"4",307,21,303.42,16.51,-70.9649847090909,42.4622857272727,0.138787624537608,"North","East","1","0","1"
18.4,2.91235066461494,0.77299,0.572667386918241,0,8.14,"No",0.538,6.495,94.4,4.4547,"4",307,21,387.94,12.8,-70.9604847090909,42.4616857272727,0.141439843998236,"North","East","1","0","1"
20.2,3.00568260440716,0.80271,0.589291088245173,0,8.14,"No",0.538,5.456,36.6,3.7965,"4",307,21,288.99,11.69,-70.9589847090909,42.4656857272727,0.145366471929243,"North","East","1","0","1"
20.4,3.01553490085017,0.62976,0.488432764714103,0,8.14,"No",0.538,5.949,61.8,4.7075,"4",307,21,396.9,8.26,-70.9544847090909,42.4636857272727,0.147080100184374,"North","East","0","0","1"
13.2,2.58021682959233,1.38799,0.870452007916898,0,8.14,"No",0.538,5.95,82,3.99,"4",307,21,232.6,27.71,-70.9499847090909,42.4636857272727,0.150308161749216,"North","East","1","0","1"
19.9,2.99071973173045,0.62739,0.486977504490741,0,8.14,"No",0.538,5.834,56.5,4.4986,"4",307,21,395.62,8.47,-70.9462847090909,42.4662857272727,0.154782468073653,"North","East","0","0","1"
18.2,2.90142159408275,0.63796,0.493451565108284,0,8.14,"No",0.538,6.096,84.5,4.4619,"4",307,21,380.02,10.26,-70.9409847090909,42.4686857272727,0.160296213297502,"North","East","0","0","1"
13.6,2.61006979274201,1.25179,0.811725455485301,0,8.14,"No",0.538,5.57,98.1,3.7979,"4",307,21,376.57,21.02,-70.9366847090909,42.4716857272727,0.165493056842191,"North","East","1","0","1"
15.2,2.72129542785223,1.23247,0.803108595828284,0,8.14,"No",0.538,6.142,91.7,3.9769,"4",307,21,396.9,18.72,-70.9366847090909,42.4671857272727,0.162492862358684,"North","East","1","0","1"
19.6,2.97552956623647,0.85204,0.616287734262887,0,8.14,"No",0.538,5.965,89.2,4.0123,"4",307,21,392.53,13.83,-70.9339847090909,42.4646857272727,0.162917169911784,"North","East","1","0","1"
14.5,2.67414864942653,0.98843,0.687345382632109,0,8.14,"No",0.538,5.813,100,4.0952,"4",307,21,394.54,19.88,-70.9279847090909,42.4626857272727,0.166320909190283,"North","East","1","0","1"
18.2,2.90142159408275,0.7258,0.54569071109207,0,8.14,"No",0.538,5.727,69.5,3.7965,"4",307,21,390.95,11.28,-70.9439847090909,42.4636857272727,0.154711108131696,"North","East","0","0","1"
15.6,2.74727091425549,0.75026,0.559764348328352,0,8.14,"No",0.538,5.924,94.1,4.3996,"4",307,21,394.33,16.3,-70.9409847090909,42.4611857272727,0.155313682875744,"North","East","1","0","1"
17.5,2.86220088092947,0.7842,0.578970135497546,0,8.14,"No",0.538,5.99,81.7,4.2579,"4",307,21,386.75,14.67,-70.9489847090909,42.4611857272727,0.149330825464413,"North","East","1","0","1"
23.1,3.13983261752775,1.05393,0.719755031081429,0,8.14,"No",0.538,5.935,29.3,4.4986,"4",307,21,386.85,6.58,-70.9564847090909,42.4606857272727,0.143549226201236,"North","East","0","0","1"
16.6,2.8094026953625,0.67191,0.513966685462548,0,8.14,"No",0.538,5.813,90.3,4.682,"4",307,21,376.88,14.81,-70.9544847090909,42.4566857272727,0.142236970188577,"North","East","1","0","1"
34.9,3.55248682920838,0.03359,0.0330381790767974,75,2.95,"No",0.428,7.024,15.8,5.4011,"3",252,18.3,395.62,1.98,-71.0380638,42.53319,0.174339597712167,"North","East","0","0","1"
30.8,3.42751468997953,0.02763,0.0272551800664515,75,2.95,"No",0.428,6.595,21.8,5.4011,"3",252,18.3,395.63,4.32,-71.0550638,42.54419,0.184129966410791,"North","East","0","0","1"
22.8,3.1267605359604,0.10084,0.0960735247460641,0,10.01,"No",0.547,6.715,81.6,2.6775,"6",432,17.8,395.59,10.16,-71.0773963333333,42.4284297333333,0.0707888889881913,"North","East","0","1","1"
19.3,2.96010509591084,0.14476,0.135195008048689,0,10.01,"No",0.547,5.731,65.2,2.7592,"6",432,17.8,391.5,13.61,-71.0788963333333,42.4204297333333,0.0635572975420531,"North","East","1","1","1"
21.2,3.05400118167797,0.13158,0.123614886199302,0,10.01,"No",0.547,6.176,72.5,2.7301,"6",432,17.8,393.3,12.04,-71.0726963333333,42.4254297333333,0.0667705988504607,"North","East","1","1","1"
18.8,2.9338568698359,0.12329,0.116261879284445,0,10.01,"No",0.547,5.913,92.9,2.3534,"6",432,17.8,394.95,16.21,-71.0694963333333,42.4186297333333,0.059481190003073,"North","East","1","1","1"
20.4,3.01553490085017,0.13058,0.122730775380317,0,10.01,"No",0.547,5.872,73.1,2.4775,"6",432,17.8,338.63,15.37,-71.0653963333333,42.4219297333333,0.0621700753646706,"North","East","1","1","1"
18.5,2.91777073208428,0.14231,0.133052527987151,0,10.01,"No",0.547,6.254,84.2,2.2565,"6",432,17.8,388.74,10.45,-71.0658963333333,42.4282297333333,0.0684880226330313,"North","East","0","1","1"
18.3,2.90690105984738,0.17134,0.158148392600235,0,10.01,"No",0.547,5.928,88.2,2.4631,"6",432,17.8,344.91,15.76,-71.0583963333333,42.4294297333333,0.0693315628280672,"North","East","1","1","1"
19.2,2.95491027903374,0.15098,0.140613753394164,0,10.01,"No",0.547,6.021,82.6,2.7474,"6",432,17.8,394.51,10.3,-71.0583963333333,42.4254297333333,0.0653316748408906,"North","East","0","1","1"
18.7,2.92852352386054,0.22212,0.200587055600799,0,10.01,"No",0.547,6.092,95.4,2.548,"6",432,17.8,396.9,17.09,-71.0488963333333,42.4279297333333,0.0685634455876366,"North","East","1","1","1"
33,3.49650756146648,0.01951,0.019322119714037,17.5,1.38,"No",0.4161,7.104,59.5,9.2229,"3",216,18.6,393.24,8.05,-71.4547891,42.9956397,0.748758231857853,"North","West","0","0","1"
33.4,3.50855589998265,0.03237,0.0318571299356596,0,2.18,"No",0.458,6.998,45.8,6.0622,"3",222,18.7,394.63,2.94,-70.8636357333333,42.4946248666666,0.23711826920031,"North","East","0","0","1"
36.2,3.58905911883173,0.06905,0.0667704036338524,0,2.18,"No",0.458,7.147,54.2,6.0622,"3",222,18.7,396.9,5.33,-70.8576357333333,42.4996248666667,0.244896903727299,"North","East","0","0","1"
28.7,3.35689712276558,0.02985,0.0294131605683495,0,2.18,"No",0.458,6.43,58.7,6.0622,"3",222,18.7,394.12,5.21,-70.8521357333333,42.5056248666667,0.252841746530414,"North","East","0","0","1"
18.6,2.92316158071916,0.07244,0.0699364261991639,60,1.69,"No",0.411,5.884,18.5,10.7103,"4",411,18.3,392.33,7.79,-70.7155871,42.1009953,0.43011509258394,"South","East","0","1","1"
24.1,3.18221184049661,0.0795,0.0764979709727249,60,1.69,"No",0.411,6.579,35.9,10.7103,"4",411,18.3,370.78,5.49,-70.6955871,42.0824953,0.45723148707027,"South","East","0","1","1"
32.2,3.47196645255036,0.00906,0.00901920442016,90,2.97,"No",0.4,7.088,20.8,7.3073,"1",285,15.3,394.72,7.85,-71.3064597,42.1875826,0.301741708033286,"South","West","0","0","1"
20.1,3.00071981506503,0.1396,0.130677323641616,0,8.56,"No",0.52,6.167,90,2.421,"5",384,20.9,392.69,12.33,-71.1066275363636,42.4233750545455,0.0792568625109079,"North","West","1","1","1"
19.3,2.96010509591084,0.21161,0.191950053685911,0,8.56,"No",0.52,6.137,87.4,2.7147,"5",384,20.9,394.47,13.44,-71.1208275363636,42.4138750545455,0.0820169266154042,"North","West","1","1","1"
21.7,3.07731226054641,0.10793,0.102493409434041,0,8.56,"No",0.52,6.195,54.4,2.7778,"5",384,20.9,393.49,13,-71.1210275363636,42.4203750545455,0.0865616137503936,"North","West","1","1","1"
19.4,2.96527306606928,0.26363,0.233988531354372,0,8.56,"No",0.52,6.229,91.2,2.5451,"5",384,20.9,391.23,15.55,-71.1168275363636,42.4178750545455,0.0818141576800196,"North","West","1","1","1"
19.8,2.98568193770049,0.12802,0.120463883415138,0,8.56,"No",0.52,6.474,97.1,2.4329,"5",384,20.9,395.24,12.27,-71.1088275363636,42.4168750545455,0.0756053285554789,"North","West","1","1","1"
19.5,2.9704144655697,0.1712,0.15802886422491,0,8.56,"No",0.52,5.836,91.9,2.211,"5",384,20.9,395.67,18.66,-71.1060275363636,42.4113750545455,0.0696429171010594,"North","West","1","1","1"
19.5,2.9704144655697,0.13262,0.12453353302656,0,8.56,"No",0.52,5.851,96.7,2.1069,"5",384,20.9,394.05,16.47,-71.1020275363636,42.4119750545455,0.0674611419773723,"North","West","1","1","1"
18.6,2.92316158071916,0.22876,0.206005530798107,0,8.56,"No",0.52,6.405,85.4,2.7147,"5",384,20.9,70.8,10.63,-71.0951275363636,42.4153750545455,0.0660890766010678,"North","East","0","1","1"
27.5,3.31418600467253,0.14866,0.138596045590258,0,8.56,"No",0.52,6.727,79.9,2.7778,"5",384,20.9,394.76,9.42,-71.0948275363636,42.4193750545455,0.069313201920905,"North","East","0","1","1"
26.5,3.27714473299218,0.11432,0.108244353397639,0,8.56,"No",0.52,6.781,71.3,2.8561,"5",384,20.9,395.58,7.67,-71.0998275363636,42.4228750545455,0.0749384461140065,"North","West","0","1","1"
20.4,3.01553490085017,0.13117,0.123252495299303,0,8.56,"No",0.52,6.127,85.2,2.1224,"5",384,20.9,387.69,14.09,-71.0958275363636,42.4293750545455,0.0785027141197274,"North","East","1","1","1"
22,3.09104245335832,0.03932,0.0385666531488167,0,3.41,"No",0.489,6.405,73.9,3.0921,"2",270,17.8,393.55,8.2,-71.0709133,42.4626292,0.103230597351415,"North","East","0","0","1"
22.6,3.11794990627824,0.04684,0.0457761026365836,0,3.41,"No",0.489,6.417,66.1,3.0923,"2",270,17.8,392.18,8.81,-71.0634133,42.4615292,0.101529564608195,"North","East","0","0","1"
28.7,3.35689712276558,0.05302,0.0516622263237938,0,3.41,"No",0.489,7.079,63.1,3.4145,"2",270,17.8,396.06,5.7,-71.0589133,42.4550292,0.0949292009316901,"North","East","0","0","1"
23.6,3.16124671203156,0.0566,0.0550562057480784,0,3.41,"No",0.489,7.007,86.3,3.4217,"2",270,17.8,396.9,5.5,-71.0714133,42.4545292,0.0952546927428266,"North","East","0","0","1"
18.9,2.9391619220656,0.0136,0.0135083500247923,75,4,"No",0.41,5.888,47.6,7.3197,"3",469,21.1,396.9,14.8,-89.5042876,43.0972174,18.4601101236048,"North","West","1","1","1"
22,3.09104245335832,0.01096,0.0109003744682883,55,2.25,"No",0.389,6.453,31.9,7.3073,"1",300,15.3,394.72,8.23,-71.351738,42.1669661,0.350791672610984,"South","West","0","0","1"
28.2,3.33932197794407,0.04932,0.0481423353260142,33,2.18,"No",0.472,6.849,70.3,3.1827,"7",222,18.4,396.9,7.53,-71.0685403,42.2412821,0.119208341757189,"South","East","0","0","1"
33.4,3.50855589998265,0.07503,0.0723485681669778,33,2.18,"No",0.472,7.42,71.9,3.0992,"7",222,18.4,396.9,6.47,-71.0790403,42.2487821,0.113125180859519,"South","East","0","0","1"
28.4,3.34638914516716,0.05479,0.0533416949818232,33,2.18,"No",0.472,6.616,58.1,3.37,"7",222,18.4,393.36,8.93,-71.0670403,42.2552821,0.105133518178077,"South","East","0","0","1"
36.1,3.58629286533884,0.05515,0.0536829369161849,33,2.18,"No",0.472,7.236,41.1,4.022,"7",222,18.4,393.68,6.93,-71.0500403,42.2527821,0.107682988185227,"South","East","0","0","1"
24,3.17805383034795,0.00632,0.00630011254847996,18,2.31,"No",0.538,6.575,65.2,4.09,"1",296,15.3,396.9,4.98,-70.922279,42.4265633,0.151929812373632,"North","East","0","0","1"
22.2,3.10009228887823,0.1029,0.0979430743299642,30,4.93,"No",0.428,6.358,52.9,7.0355,"6",300,16.6,372.75,11.22,-71.3404091,42.2894114333333,0.290248594897895,"South","West","0","0","1"
23.7,3.16547504814109,0.12757,0.120064874724755,30,4.93,"No",0.428,6.393,7.8,7.0355,"6",300,16.6,374.71,5.19,-71.3384091,42.2889114333333,0.288432226020034,"South","West","0","0","1"
20.1,3.00071981506503,0.10612,0.100858396310383,30,4.93,"No",0.428,6.095,65.1,6.3361,"6",300,16.6,394.62,12.4,-71.3315091,42.2659114333333,0.288421926166401,"South","West","1","0","1"
23.3,3.14845336057165,0.09252,0.0884869544561993,30,4.93,"No",0.428,6.606,42.2,6.1899,"6",300,16.6,383.78,7.37,-71.3487091,42.2664114333333,0.304576528916581,"South","West","0","0","1"
23.7,3.16547504814109,0.08244,0.0792177521066289,30,4.93,"No",0.428,6.481,18.5,6.1899,"6",300,16.6,379.41,6.36,-71.3549091,42.2801114333333,0.306626088388125,"South","West","0","0","1"
22,3.09104245335832,0.11329,0.107319595407324,30,4.93,"No",0.428,6.897,54.3,6.3361,"6",300,16.6,391.25,11.38,-71.3669091,42.2744114333333,0.319706327963965,"South","West","1","0","1"
29.1,3.37073817417745,0.07978,0.0767573166820071,40,6.41,"No",0.447,6.482,32.1,4.1403,"4",254,17.6,396.9,7.19,-71.2286548,42.2767685,0.189105343698397,"South","West","0","0","1"
33.1,3.49953328238302,0.06127,0.0594663041666665,40,6.41,"Yes",0.447,6.826,27.6,4.8628,"4",254,17.6,393.45,4.16,-71.2361548,42.2825685,0.19346937125884,"South","West","0","0","1"
32,3.46573590279973,0.09604,0.0917036842102131,40,6.41,"No",0.447,6.854,42.8,4.2673,"4",254,17.6,396.9,2.98,-71.2386548,42.2724685,0.199977668541488,"South","West","0","0","1"
33.2,3.50254987592244,0.10469,0.0995647526237456,40,6.41,"Yes",0.447,7.267,49,4.7872,"4",254,17.6,389.25,6.05,-71.2476548,42.2822685,0.204171782857695,"South","West","0","0","1"
32.4,3.47815842279828,0.05644,0.054904765169286,40,6.41,"Yes",0.447,6.758,32.9,4.0776,"4",254,17.6,396.9,3.53,-71.2376548,42.2905685,0.191801741429237,"South","West","0","0","1"
24.3,3.1904763503465,0.537,0.429832464556459,0,6.2,"No",0.504,5.981,68.1,3.6715,"8",307,17.4,378.35,11.65,-71.1939658444444,42.3479468555556,0.135611508565362,"North","West","1","0","1"
37.6,3.62700405039585,0.38214,0.323633022674933,0,6.2,"No",0.504,8.04,86.5,3.2157,"8",307,17.4,387.38,3.13,-71.2049658444444,42.3508468555556,0.146358640316763,"North","West","0","0","1"
26.7,3.2846635654062,0.35809,0.306079300872738,0,6.2,"Yes",0.507,6.951,88.5,2.8617,"8",307,17.4,391.7,9.71,-71.2089658444444,42.3476468555556,0.15058166712908,"North","West","0","0","1"
21.7,3.07731226054641,0.40771,0.341964270612869,0,6.2,"Yes",0.507,6.164,91.3,3.048,"8",307,17.4,395.24,21.46,-71.2047658444444,42.3525468555556,0.146061269905766,"North","West","1","0","1"
27.5,3.31418600467253,0.62356,0.484621269069117,0,6.2,"Yes",0.507,6.879,77.7,3.2721,"8",307,17.4,390.39,9.93,-71.1939658444444,42.3402468555556,0.136517140608121,"South","West","0","0","1"
30.1,3.40452517175483,0.6147,0.479149180905438,0,6.2,"No",0.507,6.618,80.8,3.2721,"8",307,17.4,396.9,7.6,-71.1851658444444,42.3317468555556,0.129410062488018,"South","West","0","0","1"
50,3.91202300542815,0.52693,0.423259183666422,0,6.2,"No",0.504,8.725,83,2.8944,"8",307,17.4,382,4.63,-71.2054658444444,42.3367468555556,0.148414676205387,"South","West","0","0","1"
25.1,3.22286784613774,0.52058,0.419091841022821,0,6.2,"Yes",0.507,6.631,76.5,4.148,"8",307,17.4,388.45,9.54,-71.1999658444444,42.3289468555556,0.144464843050464,"South","West","0","0","1"
44.8,3.80220813942094,0.31533,0.274087584717243,0,6.2,"No",0.504,8.266,78.3,2.8944,"8",307,17.4,385.05,4.14,-71.1939658444444,42.3192468555556,0.141109042043675,"South","West","0","0","1"
31.5,3.44998754583159,0.44178,0.365878461342678,0,6.2,"No",0.504,6.552,21.4,3.3751,"8",307,17.4,380.34,3.76,-71.2029658444444,42.3149468555556,0.150976070914253,"South","West","0","0","1"
31.7,3.45631668088323,0.46296,0.38046178058424,0,6.2,"No",0.504,7.412,76.9,3.6715,"8",307,17.4,376.14,5.25,-71.2139658444444,42.3222468555556,0.159619161310893,"South","West","0","0","1"
41.7,3.73050112880476,0.57529,0.454439382312431,0,6.2,"No",0.507,8.337,73.3,3.8384,"8",307,17.4,385.91,2.47,-71.2124658444444,42.3272468555556,0.15704075165325,"South","West","0","0","1"
31.6,3.45315712059287,0.41238,0.345276224677302,0,6.2,"No",0.504,7.163,79.9,3.2157,"8",307,17.4,372.08,6.36,-71.2239658444444,42.3288468555556,0.167998488206938,"South","West","0","0","1"
48.3,3.87743156065853,0.33147,0.286283595037926,0,6.2,"No",0.507,8.247,70.4,3.6519,"8",307,17.4,378.95,3.95,-71.2179658444444,42.3382468555556,0.160559966339459,"South","West","0","0","1"
29,3.36729582998647,0.44791,0.370121137335709,0,6.2,"Yes",0.507,6.726,66.5,3.6519,"8",307,17.4,360.2,8.05,-71.2159658444444,42.3484468555556,0.157497540509322,"North","West","0","0","1"
24,3.17805383034795,0.33045,0.28551723087227,0,6.2,"No",0.507,6.086,61.5,3.6519,"8",307,17.4,376.75,10.88,-71.2219658444444,42.3483468555556,0.16348885597712,"North","West","0","0","1"
31.5,3.44998754583159,0.51183,0.413320837573747,0,6.2,"No",0.507,7.358,71.6,4.148,"8",307,17.4,390.07,4.73,-71.2324658444444,42.3452468555556,0.174200224619814,"South","West","0","0","1"
46.7,3.84374416467485,0.29819,0.260970986614215,0,6.2,"No",0.504,7.686,17,3.3751,"8",307,17.4,377.51,3.92,-71.2330658444444,42.3372468555556,0.175658781682101,"South","West","0","0","1"
20.1,3.00071981506503,0.01965,0.019459431156219,80,1.76,"No",0.385,6.23,31.5,9.0892,"1",241,18.2,341.6,12.93,-76.2858726,36.8507689,7.59433813643941,"South","West","1","0","2"
19.4,2.96527306606928,0.04379,0.0428583198019006,80,3.37,"No",0.398,5.787,31.1,6.6115,"4",337,16.1,396.9,10.24,-71.0666653,42.5713439,0.21138657755709,"North","East","0","1","1"
23.5,3.15700042115011,0.03584,0.0352126917557426,80,3.37,"No",0.398,6.29,17.8,6.6115,"4",337,16.1,396.9,4.67,-71.0906653,42.5788439,0.221038295485873,"North","East","0","1","1"
24.5,3.19867311755068,0.01501,0.0148984646619666,80,2.01,"No",0.435,6.635,29.7,8.344,"4",280,17,390.94,5.99,-70.7927832,42.1615157,0.332044990097315,"South","East","0","0","1"
21.7,3.07731226054641,0.08199,0.0788019382374035,0,13.92,"No",0.437,6.009,42.3,5.5027,"4",289,16,396.9,10.4,-71.1865895,42.1920709,0.211041197061296,"South","West","0","0","1"
23.9,3.17387845893747,0.08265,0.0794117394241618,0,13.92,"No",0.437,6.127,18.4,5.5027,"4",289,16,396.9,8.58,-71.1955895,42.2037709,0.207660316182619,"South","West","0","0","1"
28.6,3.35340671782581,0.12932,0.12161568167656,0,13.92,"No",0.437,6.678,31.1,5.9604,"4",289,16,396.9,6.27,-71.2084895,42.1986709,0.22008265001373,"South","West","0","0","1"
27.1,3.29953372788566,0.05372,0.0523267601777674,0,13.92,"No",0.437,6.549,51,5.9604,"4",289,16,392.85,7.39,-71.2055895,42.1928709,0.222448603720201,"South","West","0","0","1"
20.3,3.01062088604774,0.14103,0.13193136325997,0,13.92,"No",0.437,5.79,58,6.32,"4",289,16,396.9,15.84,-71.1985895,42.1845709,0.224329269951706,"South","West","1","0","1"
20,2.99573227355399,0.18836,0.172574205339075,0,6.91,"No",0.448,5.786,33.3,5.1004,"3",233,17.9,396.9,14.15,-70.9601053444444,42.5446508777778,0.209330863598477,"North","East","1","0","1"
19.4,2.96527306606928,0.21977,0.198662316382007,0,6.91,"No",0.448,5.602,62,6.0877,"3",233,17.9,396.9,16.2,-70.9591053444444,42.5331508777778,0.199763809477864,"North","East","1","0","1"
14.4,2.66722820658195,0.25387,0.22623476857524,0,6.91,"No",0.448,5.399,95.3,5.87,"3",233,17.9,396.9,30.81,-70.9336053444444,42.5333508777778,0.213809769097558,"North","East","1","0","1"
26.6,3.28091121578765,0.12744,0.119949575901119,0,6.91,"No",0.448,6.77,2.9,5.7209,"3",233,17.9,385.41,4.84,-70.9236053444444,42.5266508777778,0.21457828107812,"North","East","0","0","1"
25.3,3.23080439573347,0.1415,0.132343186987713,0,6.91,"No",0.448,6.169,6.6,5.7209,"3",233,17.9,383.37,5.81,-70.9286053444444,42.5171508777778,0.20406292038758,"North","East","0","0","1"
19.3,2.96010509591084,0.17142,0.158216688114953,0,6.91,"No",0.448,5.682,33.8,5.1004,"3",233,17.9,396.9,10.21,-70.9211053444444,42.5171508777778,0.208931436864918,"North","East","0","0","1"
21.2,3.05400118167797,0.12269,0.11572759134397,0,6.91,"No",0.448,6.069,40,5.7209,"3",233,17.9,389.39,9.55,-70.9121053444444,42.5221508777778,0.218653053690585,"North","East","0","0","1"
24.7,3.20680324363393,0.15936,0.147868128724575,0,6.91,"No",0.448,6.211,6.5,5.7209,"3",233,17.9,394.46,7.44,-70.9111053444444,42.5261508777778,0.222297445377925,"North","East","0","0","1"
16.6,2.8094026953625,0.22927,0.20642049726094,0,6.91,"No",0.448,6.03,85.5,5.6894,"3",233,17.9,392.74,18.8,-70.9086053444444,42.5304508777778,0.227173733182817,"North","East","1","0","1"
20.6,3.02529107579554,0.10659,0.101283214752084,80,1.91,"No",0.413,5.936,19.5,10.5857,"4",334,22,376.04,5.57,-70.80945,42.0824925,0.373217398517615,"South","East","0","1","1"
18.2,2.90142159408275,0.04301,0.0421107637003819,80,1.91,"No",0.413,5.663,21.9,10.5857,"4",334,22,382.8,8.05,-70.80895,42.0604925,0.390179005786126,"South","East","0","1","1"
23.8,3.16968558067743,0.3692,0.314226627673893,0,9.9,"No",0.544,6.567,87.3,3.6023,"4",304,18.4,395.69,9.28,-71.0092871666667,42.2499772,0.120782715283274,"South","East","0","0","1"
20.3,3.01062088604774,0.3494,0.299660049211188,0,9.9,"No",0.544,5.972,76.7,3.1025,"4",304,18.4,396.24,9.97,-71.0155871666667,42.2544772,0.114158562583813,"South","East","0","0","1"
19.8,2.98568193770049,0.24522,0.219312221133168,0,9.9,"No",0.544,5.782,71.7,4.0317,"4",304,18.4,396.9,15.94,-71.0114871666667,42.2704772,0.101391434769086,"South","East","1","0","1"
22.8,3.1267605359604,0.49298,0.400774122620041,0,9.9,"No",0.544,6.635,82.5,3.3175,"4",304,18.4,396.9,4.54,-71.0029871666667,42.2724772,0.103942291735379,"South","East","0","0","1"
16.1,2.77881927199042,2.63548,1.29074115178628,0,9.9,"No",0.544,4.973,37.8,2.5194,"4",304,18.4,350.45,12.64,-71.0104871666667,42.2614772,0.109864730970412,"South","East","1","0","1"
21.6,3.07269331469012,0.26938,0.238528592291086,0,9.9,"No",0.544,6.266,82.8,3.2628,"4",304,18.4,393.39,7.9,-71.0029871666667,42.2557772,0.118361697906049,"South","East","0","0","1"
22.1,3.09557760852371,0.79041,0.582444643903983,0,9.9,"No",0.544,6.122,52.8,2.6403,"4",304,18.4,396.9,5.98,-70.9954871666667,42.2474772,0.129248143163458,"South","East","0","0","1"
16.2,2.78501124223834,0.25356,0.225987503445941,0,9.9,"No",0.544,5.705,77.7,3.945,"4",304,18.4,396.42,11.5,-70.9749871666667,42.2524772,0.136469889271837,"South","East","1","0","1"
19.4,2.96527306606928,0.26169,0.232452092105772,0,9.9,"No",0.544,6.023,90.4,2.834,"4",304,18.4,396.3,11.72,-70.9834871666667,42.2429772,0.139301276775203,"South","East","1","0","1"
17.8,2.87919845729804,0.31827,0.276320270942408,0,9.9,"No",0.544,5.914,83.2,3.9986,"4",304,18.4,390.7,18.33,-70.9994871666667,42.2369772,0.136708114772074,"South","East","1","0","1"
23.1,3.13983261752775,0.40202,0.337914053845885,0,9.9,"No",0.544,6.382,67.2,3.5325,"4",304,18.4,395.21,10.36,-71.0054871666667,42.2444772,0.127363898513412,"South","East","0","0","1"
21,3.04452243772342,0.47547,0.388976583103341,0,9.9,"No",0.544,6.113,58.8,4.0019,"4",304,18.4,396.23,12.73,-71.0154871666667,42.2454772,0.122568594582249,"South","East","1","0","1"
22.6,3.11794990627824,0.06724,0.0650758767361877,0,3.24,"No",0.46,6.333,17.2,5.2146,"4",430,16.9,375.21,7.34,-71.0558115666667,42.1649021333333,0.195222297834226,"South","East","0","1","1"
19.3,2.96010509591084,0.06617,0.064072787700589,0,3.24,"No",0.46,5.868,25.8,5.2146,"4",430,16.9,382.44,9.97,-71.0698115666667,42.1669021333333,0.193505756947111,"South","East","0","1","1"
19.8,2.98568193770049,0.04544,0.0444378494305682,0,3.24,"No",0.46,6.144,32.2,5.8736,"4",430,16.9,368.57,9.09,-71.0533115666667,42.1499021333333,0.210272142088158,"South","East","0","1","1"
28,3.3322045101752,0.04113,0.040306661759134,25,4.86,"No",0.426,6.727,33.5,5.4007,"4",281,19,396.9,5.29,-75.9297497,40.3271483,5.2780744040344,"South","West","0","0","2"
23.9,3.17387845893747,0.04462,0.0436531829214032,25,4.86,"No",0.426,6.619,70.4,5.4007,"4",281,19,395.63,7.22,-75.9302497,40.3341483,5.27584383681161,"South","West","0","0","2"
24.8,3.21084365317094,0.03659,0.0359364798043055,25,4.86,"No",0.426,6.302,32.2,5.4007,"4",281,19,396.9,6.72,-75.9287497,40.3451483,5.2702434909521,"South","West","0","0","2"
22.9,3.13113691056019,0.03551,0.0348940589773206,25,4.86,"No",0.426,6.167,46.7,5.4007,"4",281,19,390.64,7.51,-75.9187497,40.3361483,5.26445814785559,"South","West","0","0","2"
23.1,3.13983261752775,0.17899,0.164658139755057,0,9.69,"No",0.585,5.67,28.8,2.7986,"6",391,19.2,393.29,17.6,-71.0211573,42.4071927,0.0603509220855795,"North","East","1","1","1"
16.8,2.82137888640921,0.22438,0.202434593424512,0,9.69,"No",0.585,6.027,79.7,2.4982,"6",391,19.2,396.9,14.33,-71.0211573,42.4109927,0.0633607000954023,"North","East","1","1","1"
17.5,2.86220088092947,0.17783,0.163673762421472,0,9.69,"No",0.585,5.569,73.5,2.3999,"6",391,19.2,395.77,15.1,-71.0191573,42.4156927,0.0683376213851507,"North","East","1","1","1"
21.2,3.05400118167797,0.23912,0.214401450257366,0,9.69,"No",0.585,6.019,65.3,2.4091,"6",391,19.2,396.9,12.92,-71.0096573,42.4134927,0.0726334903235344,"North","East","1","1","1"
19.7,2.98061863574394,0.2896,0.254332092770227,0,9.69,"No",0.585,5.39,72.9,2.7986,"6",391,19.2,396.9,21.14,-71.0033573,42.4105927,0.0750633351016351,"North","East","1","1","1"
21.8,3.08190996979504,0.17331,0.159828814380523,0,9.69,"No",0.585,5.707,54,2.3817,"6",391,19.2,396.9,12.01,-71.0136573,42.4064927,0.0648011150874745,"North","East","1","1","1"
24.5,3.19867311755068,0.27957,0.246524083991883,0,9.69,"No",0.585,5.926,42.6,2.3817,"6",391,19.2,396.9,13.59,-71.0071573,42.4039927,0.067851868924733,"North","East","1","1","1"
18.3,2.90690105984738,0.26838,0.237740495661178,0,9.69,"No",0.585,5.794,70.6,2.8927,"6",391,19.2,396.9,14.1,-71.0006573,42.3989927,0.0700346643925645,"North","East","1","1","1"
17.2,2.84490938381941,0.06162,0.0597960433459657,0,4.39,"No",0.442,5.898,52.3,8.0136,"3",352,18.8,364.61,12.67,-69.1073793,44.0986914,2.61364364416468,"North","East","1","1","1"
17.5,2.86220088092947,0.03113,0.030655288259617,0,4.39,"No",0.442,6.014,48.5,8.0136,"3",352,18.8,385.64,10.53,-69.1104793,44.1086914,2.61799830182192,"North","East","0","1","1"
15,2.70805020110221,0.22489,0.202851044046428,12.5,7.87,"No",0.524,6.377,94.3,6.3467,"5",311,15.2,392.52,20.45,-70.8947869285714,42.5059685714286,0.219569443102459,"North","East","1","0","1"
18.9,2.9391619220656,0.17004,0.157037936259455,12.5,7.87,"No",0.524,6.004,85.9,6.5921,"5",311,15.2,386.71,17.1,-70.8962869285714,42.5189685714286,0.227337269243704,"North","East","1","0","1"
22.9,3.13113691056019,0.08829,0.0846076570348256,12.5,7.87,"No",0.524,6.012,66.6,5.5605,"5",311,15.2,395.6,12.43,-70.8917869285714,42.5209685714286,0.231960073969104,"North","East","1","0","1"
21.7,3.07731226054641,0.09378,0.0896395868849593,12.5,7.87,"No",0.524,5.889,39,5.4509,"5",311,15.2,390.5,15.71,-70.8877869285714,42.5249685714286,0.237615927619788,"North","East","1","0","1"
27.1,3.29953372788566,0.14455,0.135011546655877,12.5,7.87,"No",0.524,6.172,96.1,5.9505,"5",311,15.2,396.9,19.15,-70.8937869285714,42.5249685714286,0.233332321381907,"North","East","1","0","1"
18.9,2.9391619220656,0.11747,0.111067201507652,12.5,7.87,"No",0.524,6.009,82.9,6.2267,"5",311,15.2,396.9,13.27,-70.9027869285714,42.5259685714286,0.227779880715158,"North","East","1","0","1"
16.5,2.80336038090653,0.21124,0.191644628254806,12.5,7.87,"No",0.524,5.631,100,6.0821,"5",311,15.2,386.63,29.93,-70.9097869285714,42.5149685714286,0.214986005328685,"North","East","1","0","1"
21,3.04452243772342,0.08014,0.0770906623645636,0,5.96,"No",0.499,5.85,41.5,3.9342,"5",279,19.2,396.9,8.77,-82.997219,39.9542489,12.1783241893592,"South","West","0","0","2"
20,2.99573227355399,0.09744,0.0929801947688742,0,5.96,"No",0.499,5.841,61.4,3.3779,"5",279,19.2,377.56,11.41,-83.005219,39.9587489,12.1852790183579,"South","West","1","0","2"
24.7,3.20680324363393,0.17505,0.16131069988225,0,5.96,"No",0.499,5.966,30.2,3.8473,"5",279,19.2,393.43,10.13,-83.001219,39.9707489,12.1789975686356,"South","West","0","0","2"
18.9,2.9391619220656,0.06417,0.0621951525929671,0,5.96,"No",0.499,5.933,68.2,3.3603,"5",279,19.2,396.9,9.68,-83.017219,39.9717489,12.1944911448831,"South","West","0","0","2"
26.6,3.28091121578765,0.02899,0.0285777386317074,40,1.25,"No",0.429,6.939,34.5,8.7921,"1",335,19.7,389.85,5.89,-70.7368633,42.203429,0.358124892164564,"South","East","0","1","1"
22.9,3.13113691056019,0.06211,0.0602574956103262,40,1.25,"No",0.429,6.49,44.4,8.7921,"1",335,19.7,396.9,5.98,-70.7148633,42.188429,0.384489509854149,"South","East","0","1","1"
24.8,3.21084365317094,0.04417,0.043222311453269,70,2.24,"No",0.4,6.871,47.4,7.8278,"5",358,14.8,390.86,6.07,-71.1907903666667,42.1278165666667,0.267115447364232,"South","West","0","1","1"
29,3.36729582998647,0.05561,0.054118798887496,70,2.24,"No",0.4,7.041,10,7.8278,"5",358,14.8,371.58,4.74,-71.1707903666667,42.1143165666667,0.270053606259803,"South","West","0","1","1"
22.5,3.11351530921037,0.06466,0.0626554993643422,70,2.24,"No",0.4,6.345,20.1,7.8278,"5",358,14.8,368.24,4.97,-71.1742903666667,42.1288165666667,0.258470430134518,"South","West","0","1","1"
44,3.78418963391826,0.01538,0.0152629266659123,90,3.75,"No",0.394,7.454,34.2,6.3361,"3",244,15.9,386.34,3.11,-71.3697813,42.2389857,0.333640309846071,"South","West","0","0","1"
17.1,2.83907846350861,0.35233,0.301829030677639,0,21.89,"No",0.624,6.454,98.4,1.8498,"4",437,21.2,394.08,14.59,-71.0872234666667,42.3877834666667,0.0396054679394447,"North","East","1","1","1"
14.4,2.66722820658195,1.62864,0.96646660217589,0,21.89,"No",0.624,5.019,100,1.4394,"4",437,21.2,396.9,34.41,-71.0922234666667,42.3872834666667,0.0430045845312219,"North","East","1","1","1"
14,2.63905732961526,0.2909,0.255339649530527,0,21.89,"No",0.624,6.174,93.6,1.6119,"4",437,21.2,388.08,24.16,-71.0980234666667,42.3890834666667,0.0486897010058206,"North","West","1","1","1"
13.3,2.58776403522771,0.2498,0.222983538512844,0,21.89,"No",0.624,5.857,98.2,1.6686,"4",437,21.2,392.04,21.32,-71.1034234666667,42.3912834666667,0.0543575907980555,"North","West","1","1","1"
17.8,2.87919845729804,0.54452,0.43471318246715,0,21.89,"No",0.624,6.151,97.9,1.6687,"4",437,21.2,396.9,18.46,-71.1092234666667,42.3922834666667,0.059734636719718,"North","West","1","1","1"
17.4,2.85647020622048,0.32264,0.279629739260953,0,21.89,"No",0.624,5.942,93.5,1.9669,"4",437,21.2,378.25,16.9,-71.1087234666667,42.3927834666667,0.0595868007534899,"North","West","1","1","1"
19.6,2.97552956623647,1.19294,0.785243109280344,0,21.89,"No",0.624,6.326,97.7,2.271,"4",437,21.2,396.9,12.26,-71.1132234666667,42.3972834666667,0.0658304581788352,"North","West","1","1","1"
18.1,2.89591193827178,0.55778,0.443261730802731,0,21.89,"No",0.624,6.335,98.2,2.1107,"4",437,21.2,394.67,16.96,-71.1102234666667,42.3927834666667,0.0608465876120874,"North","West","1","1","1"
16.2,2.78501124223834,0.25915,0.230436890141675,0,21.89,"No",0.624,5.693,96,1.7883,"4",437,21.2,392.11,17.19,-71.1092234666667,42.3884834666667,0.0577760545327367,"North","West","1","1","1"
18,2.89037175789616,0.32543,0.281736935092153,0,21.89,"No",0.624,6.431,98.8,1.8125,"4",437,21.2,396.9,15.39,-71.1019234666667,42.3857834666667,0.0501064780645811,"North","West","1","1","1"
19.2,2.95491027903374,0.34006,0.292714389079803,0,21.89,"No",0.624,6.458,98.9,2.1185,"4",437,21.2,395.04,12.6,-71.0972234666667,42.3847834666667,0.045584664351472,"North","West","1","1","1"
14.3,2.66025953726586,0.88125,0.631936449515049,0,21.89,"No",0.624,5.637,94.7,1.9799,"4",437,21.2,396.9,18.34,-71.0962234666667,42.3797834666667,0.0421957346663848,"North","West","1","1","1"
23,3.13549421592915,0.59005,0.463765462278589,0,21.89,"No",0.624,6.372,97.9,2.3274,"4",437,21.2,385.76,11.12,-71.0910234666667,42.3822834666667,0.0390387410662223,"North","East","0","1","1"
18.4,2.91235066461494,0.32982,0.285043594728737,0,21.89,"No",0.624,5.822,95.4,2.4699,"4",437,21.2,388.69,15.03,-71.0860234666667,42.3834834666667,0.0358115757454096,"North","East","1","1","1"
15.6,2.74727091425549,0.97617,0.681160628013766,0,21.89,"No",0.624,5.757,98.4,2.346,"4",437,21.2,262.76,17.31,-71.0885234666667,42.3787834666667,0.0350231595381671,"North","East","1","1","1"
22.9,3.13113691056019,0.04203,0.0411707337036766,28,15.04,"No",0.464,6.442,53.6,3.6659,"4",270,18.2,395.01,8.16,-71.0941385666667,42.4755802333333,0.120737073309904,"North","East","0","0","1"
25,3.2188758248682,0.02875,0.0283444730091426,28,15.04,"No",0.464,6.211,28.9,3.6659,"4",270,18.2,396.33,6.21,-71.1031385666667,42.4885802333333,0.135883115721222,"North","West","0","0","1"
20.6,3.02529107579554,0.04294,0.0420436479976793,28,15.04,"No",0.464,6.249,77.3,3.615,"4",270,18.2,396.9,10.59,-71.1026385666667,42.4765802333333,0.124421489186717,"North","West","0","0","1"
34.9,3.55248682920838,0.0315,0.0310140535291695,95,1.47,"No",0.403,6.975,15.3,7.6534,"3",402,17,396.9,4.56,-71.4066725,42.3934278,0.349365788263667,"North","West","0","1","1"
32.9,3.49347265777133,0.01778,0.0176237847535493,95,1.47,"No",0.403,7.135,13.9,7.6534,"3",402,17,384.3,4.45,-71.4256725,42.3734278,0.367014573292529,"North","West","0","1","1"
21.6,3.07269331469012,0.02731,0.0269437354475461,0,7.07,"No",0.469,6.421,78.9,4.9671,"2",242,17.8,396.9,9.14,-70.9245562,42.4731937,0.175608774205997,"North","East","0","0","1"
34.7,3.54673968695281,0.02729,0.02692426693786,0,7.07,"No",0.469,7.185,61.1,4.9671,"2",242,17.8,392.83,4.03,-70.9105562,42.4686937,0.183843614733098,"North","East","0","0","1"
35.4,3.56671182013973,0.01311,0.0130248077226894,90,1.22,"No",0.403,7.249,21.9,8.6966,"5",226,17.9,395.93,4.81,-70.9495053,42.6375941,0.298278688348494,"North","East","0","0","1"
22.2,3.10009228887823,0.07151,0.0690688685990977,0,4.49,"No",0.449,6.121,56.8,3.7476,"3",247,18.5,395.15,8.44,-71.0740891,42.5111895,0.151851064431763,"North","East","0","0","1"
23.9,3.17387845893747,0.05059,0.0493519111219691,0,4.49,"No",0.449,6.389,48,4.7794,"3",247,18.5,396.9,9.62,-71.0810891,42.5036895,0.145293842502216,"North","East","0","0","1"
26.6,3.28091121578765,0.05735,0.0557657779058573,0,4.49,"No",0.449,6.63,56.1,4.4377,"3",247,18.5,392.3,6.53,-71.0640891,42.5086895,0.148680080269887,"North","East","0","0","1"
22.5,3.11351530921037,0.05188,0.050579039368154,0,4.49,"No",0.449,6.015,45.1,4.4272,"3",247,18.5,395.99,12.86,-71.0700891,42.4921895,0.132562558699882,"North","East","1","0","1"
22.3,3.10458667846607,0.0459,0.0448777587780855,52.5,5.32,"No",0.405,6.315,45.6,7.3172,"6",293,16.6,396.9,7.6,-71.2523429333333,42.1294108666667,0.301060865432045,"South","West","0","0","1"
23.2,3.14415227867226,0.03871,0.0379795586241744,52.5,5.32,"No",0.405,6.209,31.3,7.3172,"6",293,16.6,396.9,7.14,-71.2368429333333,42.1459108666667,0.278461258277264,"South","West","0","0","1"
24.8,3.21084365317094,0.04297,0.0420724124218415,52.5,5.32,"No",0.405,6.565,22.9,7.3172,"6",293,16.6,371.72,9.51,-71.2593429333333,42.1499108666667,0.290442492233306,"South","West","0","0","1"
22.6,3.11794990627824,0.13642,0.127882970279846,0,10.59,"No",0.489,5.891,22.3,3.9454,"4",277,18.6,396.9,10.87,-71.2427658454545,42.3929579272727,0.186778726062069,"North","West","0","0","1"
24.4,3.19458313229916,0.22969,0.206762105098468,0,10.59,"No",0.489,6.326,52.5,4.3549,"4",277,18.6,394.87,10.97,-71.2452658454545,42.3792579272727,0.187347950427471,"North","West","0","0","1"
22.5,3.11351530921037,0.25199,0.224734285425561,0,10.59,"No",0.489,5.783,72.7,4.3549,"4",277,18.6,389.43,18.06,-71.2442658454545,42.3752579272727,0.185984567693886,"North","West","1","0","1"
21.7,3.07731226054641,0.17446,0.160808467491325,0,10.59,"Yes",0.489,5.96,92.1,3.8771,"4",277,18.6,393.25,17.27,-71.2455658454545,42.3704579272727,0.186953000822789,"North","West","1","0","1"
19.3,2.96010509591084,0.37578,0.319020843007457,0,10.59,"Yes",0.489,5.404,88.6,3.665,"4",277,18.6,395.24,23.98,-71.2382658454545,42.3701579272727,0.179647622908419,"North","West","1","0","1"
24.4,3.19458313229916,0.13587,0.127398877130872,0,10.59,"Yes",0.489,6.064,59.1,4.2392,"4",277,18.6,381.32,14.66,-71.2387658454545,42.3661579272727,0.179967832803307,"North","West","1","0","1"
28.1,3.3357695763397,0.14052,0.131484298756896,0,10.59,"No",0.489,6.375,32.3,3.9454,"4",277,18.6,385.81,9.38,-71.2332658454545,42.3700579272727,0.174649959566692,"North","West","0","0","1"
25,3.2188758248682,0.19802,0.180670194044724,0,10.59,"No",0.489,6.182,42.4,3.9454,"4",277,18.6,393.63,9.47,-71.2287658454545,42.3734579272727,0.170390256977939,"North","West","0","0","1"
23.7,3.16547504814109,0.28955,0.254293320306426,0,10.59,"No",0.489,5.412,9.8,3.5875,"4",277,18.6,348.93,29.55,-71.2327658454545,42.3839579272727,0.175495107935729,"North","West","1","0","1"
20,2.99573227355399,0.43571,0.361659500370689,0,10.59,"Yes",0.489,5.344,100,3.875,"4",277,18.6,396.9,23.09,-71.2222658454545,42.3834579272727,0.16502724692472,"North","West","1","0","1"
22.4,3.10906095886099,0.21719,0.196544923430197,0,10.59,"Yes",0.489,5.807,53.8,3.6526,"4",277,18.6,390.94,16.03,-71.2197658454545,42.3761579272727,0.16166532486003,"North","West","1","0","1"
23,3.13549421592915,0.11425,0.108181532844528,0,13.89,"Yes",0.55,6.373,92.4,3.3633,"5",276,16.4,393.74,10.5,-75.9221315,43.9760338,5.12467195716708,"North","West","0","0","1"
21.5,3.06805293513362,0.11069,0.104981443819174,0,13.89,"Yes",0.55,5.951,93.8,2.8893,"5",276,16.4,396.9,17.92,-75.9105315,43.9765338,5.11382307491906,"North","West","1","0","1"
28.7,3.35689712276558,0.07013,0.0677801364209581,0,13.89,"No",0.55,6.642,85.1,3.4211,"5",276,16.4,392.78,9.69,-75.8988315,43.9750338,5.10224931800423,"North","West","0","0","1"
23.3,3.14845336057165,0.0456,0.0445908833278752,0,13.89,"Yes",0.55,5.888,56,3.1121,"5",276,16.4,392.8,13.51,-75.9115315,43.9715338,5.11319385184784,"North","West","1","0","1"
24.1,3.18221184049661,0.03445,0.0338698845076153,82.5,2.03,"No",0.415,6.162,38.4,6.27,"2",348,14.7,393.77,7.43,-71.3636984,42.3513453,0.30492410435165,"North","West","0","1","1"
42.3,3.74478708605223,0.02177,0.0215364175305247,82.5,2.03,"No",0.415,7.61,15.7,6.27,"2",348,14.7,395.38,3.11,-71.3591984,42.3738453,0.300612811294947,"North","West","0","1","1"
35.4,3.56671182013973,0.03705,0.0363801440927505,20,3.33,"No",0.4429,6.968,37.2,5.2447,"5",216,14.9,392.23,4.59,-71.2712627,42.301472,0.220306964790698,"South","West","0","0","1"
45.4,3.8155121050473,0.03578,0.0351547660743754,20,3.33,"No",0.4429,7.82,64.5,4.6947,"5",216,14.9,387.31,3.76,-71.2892627,42.300472,0.237954768675248,"South","West","0","0","1"
35.1,3.55820113047182,0.21038,0.190934359892177,20,3.33,"No",0.4429,6.812,32.2,4.1007,"5",216,14.9,396.9,4.85,-71.3082627,42.298272,0.25691332728236,"South","West","0","0","1"
46,3.8286413964891,0.06129,0.059485149334766,20,3.33,"Yes",0.4429,7.645,49.7,5.2119,"5",216,14.9,377.07,3.01,-71.3007627,42.286972,0.252676215808473,"South","West","0","0","1"
31.6,3.45315712059287,0.01432,0.0142184372375556,100,1.32,"No",0.411,6.816,40.5,8.3248,"5",256,15.1,392.9,3.95,-70.8911612,42.604261,0.29622778219883,"North","East","0","0","1"
50,3.91202300542815,0.02009,0.0198908586977927,95,2.68,"No",0.4161,8.034,31.9,5.118,"4",224,14.7,390.55,2.88,-80.3997748,26.1134654,18.7404663190432,"South","West","0","0","3"
48.5,3.88156379794344,0.0351,0.0344980404075674,95,2.68,"No",0.4161,7.853,33.2,5.118,"4",224,14.7,392.78,3.81,-80.3997748,26.0872654,18.7631843765453,"South","West","0","0","3"
27.9,3.32862668882732,0.03615,0.0355119210013595,80,4.95,"No",0.411,6.63,23.4,5.1167,"4",245,19.2,396.9,4.7,-118.457849733333,34.0553349333333,48.1209887537194,"South","West","0","0","3"
28.5,3.3499040872746,0.03502,0.0344207502021303,80,4.95,"No",0.411,6.861,27.9,5.1167,"4",245,19.2,396.9,3.33,-118.452349733333,34.0726349333333,48.1125883200771,"South","West","0","0","3"
37.3,3.61899332664977,0.07886,0.0759049280894642,80,4.95,"No",0.411,7.148,27.7,5.1167,"4",245,19.2,396.9,3.56,-118.426349733333,34.0625349333333,48.0887188462682,"South","West","0","0","3"
18.5,2.91777073208428,0.03041,0.0299567812898034,0,5.19,"No",0.515,5.895,59.6,5.615,"5",224,20.2,394.81,10.56,-70.9522231,42.1922974,0.198840824682394,"South","East","0","0","1"
19,2.94443897916644,0.05497,0.0535123305047612,0,5.19,"No",0.515,5.985,45.4,4.8122,"5",224,20.2,396.9,9.74,-70.9377231,42.1937974,0.205767820274148,"South","East","0","0","1"
21.1,3.04927304048202,0.03961,0.0388456428231982,0,5.19,"No",0.515,6.037,34.5,5.9853,"5",224,20.2,396.9,8.01,-70.9427231,42.2077974,0.191554572016368,"South","East","0","0","1"
18.7,2.92852352386054,0.06151,0.0596924227479821,0,5.19,"No",0.515,5.968,58.5,4.8122,"5",224,20.2,396.9,9.29,-70.9487231,42.2207974,0.177606766932946,"South","East","0","0","1"
19.5,2.9704144655697,0.03427,0.0336958638567256,0,5.19,"No",0.515,5.869,46.3,5.2311,"5",224,20.2,396.9,9.8,-70.9329231,42.2197974,0.188560332255681,"South","East","0","0","1"
20.6,3.02529107579554,0.03306,0.0325252717033969,0,5.19,"No",0.515,6.059,37.3,4.8122,"5",224,20.2,396.14,8.51,-70.9360231,42.2301974,0.178811123927939,"South","East","0","0","1"
20.7,3.03013370027132,0.03738,0.0366983037826737,0,5.19,"No",0.515,6.31,38.5,6.4584,"5",224,20.2,389.4,6.75,-70.9402231,42.2367974,0.171136605553497,"South","East","0","0","1"
22.2,3.10009228887823,0.05083,0.0495803280981504,0,5.19,"No",0.515,6.316,38.1,6.4584,"5",224,20.2,389.71,5.68,-70.9377231,42.2430974,0.168444202928958,"South","East","0","0","1"
20.9,3.03974915897077,0.12816,0.120587986988593,12.5,6.07,"No",0.409,5.885,33,6.498,"4",345,18.9,396.9,8.79,-75.5353909,39.746455,5.18363877636239,"South","West","0","1","2"
17.4,2.85647020622048,0.13554,0.127108308715375,12.5,6.07,"No",0.409,5.594,36.8,6.498,"4",345,18.9,396.9,13.09,-75.5533909,39.750255,5.19728192175562,"South","West","1","1","2"
22,3.09104245335832,0.05789,0.0562763582766248,12.5,6.07,"No",0.409,5.878,21.4,6.498,"4",345,18.9,396.21,8.1,-75.5563909,39.737255,5.20641338059204,"South","West","0","1","2"
38.7,3.65583960003574,0.12083,0.11406948227773,0,2.89,"No",0.445,8.069,76,3.4952,"2",276,18,396.9,4.21,-78.1536941,39.1905597,7.77059129247697,"South","West","0","0","2"
43.8,3.7796338173824,0.08187,0.0786910253316488,0,2.89,"No",0.445,7.82,36.9,3.4952,"2",276,18,393.53,3.57,-78.1626941,39.1905597,7.77880944158674,"South","West","0","0","2"
21.4,3.06339092202781,0.11504,0.108890278708072,0,2.89,"No",0.445,6.163,69.6,3.4952,"2",276,18,391.83,11.34,-78.1666941,39.1845597,7.78490803830842,"South","West","0","0","2"
28.4,3.34638914516716,0.12204,0.115148457088922,0,2.89,"No",0.445,6.625,57.8,3.4952,"2",276,18,357.98,6.65,-78.1758941,39.1815597,7.79453163815242,"South","West","0","0","2"
33.2,3.50254987592244,0.0686,0.0663493805415339,0,2.89,"No",0.445,7.416,62.5,3.4952,"2",276,18,396.9,6.19,-78.1576941,39.1810597,7.77812155364128,"South","West","0","0","2"
22.4,3.10906095886099,0.06263,0.0607469672731007,0,11.93,"No",0.573,6.593,69.1,2.4786,"1",273,21,391.99,9.67,-120.1838356,48.4831832,49.5050648477332,"North","West","0","0","4"
20.6,3.02529107579554,0.04527,0.0442752252499074,0,11.93,"No",0.573,6.12,76.7,2.2875,"1",273,21,396.9,9.08,-120.1888356,48.4794832,49.5095690024524,"North","West","0","0","4"
23.9,3.17387845893747,0.06076,0.0589856323478708,0,11.93,"No",0.573,6.976,91,2.1675,"1",273,21,396.9,5.64,-120.1926356,48.4779832,49.5131545032181,"North","West","0","0","4"
22,3.09104245335832,0.10959,0.103990577721205,0,11.93,"No",0.573,6.794,89.3,2.3889,"1",273,21,393.45,6.48,-120.1853356,48.4759832,49.5056633333702,"North","West","0","0","4"
11.9,2.47653840011748,0.04741,0.0463204502685042,0,11.93,"No",0.573,6.03,80.8,2.505,"1",273,21,396.9,7.88,-120.1803356,48.4729832,49.5003310738604,"North","West","0","0","4"
20.8,3.03495298670727,0.08707,0.0834860034897503,0,12.83,"No",0.437,6.14,45.8,4.0905,"5",398,18.7,386.96,10.27,-71.1697765,42.4766784666667,0.16088547834594,"North","West","0","1","1"
20,2.99573227355399,0.10153,0.0967001224772135,0,12.83,"No",0.437,6.279,74.5,4.0522,"5",398,18.7,373.66,11.97,-71.1592765,42.4751784666667,0.152703946388429,"North","West","1","1","1"
21.2,3.05400118167797,0.05646,0.0549236964958992,0,12.83,"No",0.437,6.232,53.7,5.0141,"5",398,18.7,386.4,12.34,-71.1492765,42.4711784666667,0.143200340464915,"North","West","1","1","1"
24.1,3.18221184049661,0.07896,0.075997614226465,0,12.83,"No",0.437,6.273,6,4.2515,"5",398,18.7,394.92,6.78,-71.1352765,42.4771784666667,0.139788186586943,"North","West","0","1","1"
21.4,3.06339092202781,0.09512,0.0908639463051198,0,12.83,"No",0.437,6.286,45,4.5026,"5",398,18.7,383.23,8.94,-71.1497765,42.4826784666667,0.152591017896213,"North","West","0","1","1"
20.3,3.01062088604774,0.08387,0.080537969626471,0,12.83,"No",0.437,5.874,36.6,4.5026,"5",398,18.7,396.06,9.1,-71.1502765,42.4926784666667,0.161017746152196,"North","West","0","1","1"
